finish_pos_ew,finish_norm_ew,team_finish_norm_ew,spread_per_race,speed_bias,overtaking_pace,tyre_strategy,grid_score,quali_pos_norm,quali_gap_sec,practice_best_sec,grid_track_position,air_temp_c,wet_session,round,event,code,name,team,quali_pos,finish,retired,predicted_finish,wins,win_pct
4.67156871171875,0.2123440323508523,0.060169756782670454,6.5,-0.39725438359375037,-0.5133009460937503,1.806269375,1.0,0.045454545454545456,0.0,0.0,0.7,24.5,0.0,15,Azerbaijan Grand Prix,RUS,George Russell,Mercedes,1.0,,False,3.135993,9307,37.228
5.449286860937501,0.24769485731534097,0.1394406776278409,7.980444849756184,-0.8329059546875004,-1.2301434546875005,1.25179653984375,0.6666666666666667,0.36363636363636365,1.1800000000000068,0.5750000000000028,0.4666666666666667,24.5,0.0,15,Azerbaijan Grand Prix,VER,Max Verstappen,Red Bull Racing,8.0,,False,5.5038304,5103,20.412
6.027064958593751,0.27395749811789777,0.1394406776278409,5.61109392186586,2.1099456703125,4.8324456703125005,2.45210598984375,0.8571428571428572,0.18181818181818182,0.9740000000000038,1.5210000000000008,0.6,24.5,0.0,15,Azerbaijan Grand Prix,HAD,Isack Hadjar,Red Bull Racing,4.0,,False,7.115351,3012,12.048
8.65811901328125,0.3935508642400568,0.19597655525568183,6.799586384479573,-3.94842200703125,-4.311968569531251,1.3733972257812503,0.9523809523809523,0.09090909090909091,0.8370000000000033,1.1260000000000048,0.6666666666666666,24.5,0.0,15,Azerbaijan Grand Prix,LEC,Charles Leclerc,Ferrari,2.0,,False,8.556336,1754,7.016
3.062696700000001,0.13921348636363637,0.13377146409801138,2.165063509461097,0.22085240781249993,0.3851305328125,1.4949637343750002,0.8095238095238095,0.22727272727272727,1.1460000000000008,1.4840000000000089,0.5666666666666667,24.5,0.0,15,Azerbaijan Grand Prix,NOR,Lando Norris,McLaren,5.0,,False,8.7630625,1591,6.364
7.732586742968751,0.35148121558948864,0.13377146409801138,5.0,-2.2580514460937504,-1.7064667585937503,1.5562199843750004,0.9047619047619048,0.13636363636363635,0.8380000000000081,1.399000000000001,0.6333333333333333,24.5,0.0,15,Azerbaijan Grand Prix,PIA,Oscar Piastri,McLaren,3.0,,False,9.302652,1297,5.188
12.614004184375002,0.5733638265625001,0.19597655525568183,6.118619125260208,-8.36331384921875,-8.427385411718749,1.049996578125,0.7619047619047619,0.2727272727272727,1.3320000000000078,0.686000000000007,0.5333333333333332,24.5,0.0,15,Azerbaijan Grand Prix,HAM,Lewis Hamilton,Ferrari,6.0,,False,10.249054,823,3.292
1.8562095179687503,0.08437315990767047,0.060169756782670454,5.973901572674261,1.6434643015625001,4.8380705515625,1.8037199843750003,0.2857142857142857,0.7272727272727273,2.9780000000000086,0.5520000000000067,0.19999999999999998,24.5,0.0,15,Azerbaijan Grand Prix,ANT,Kimi Antonelli,Mercedes,16.0,,False,11.444368,502,2.008
10.3401111203125,0.4700050509232955,0.3648311595880682,2.1065374432940898,-0.28074370390625025,-0.29515593828125,1.4847722257812501,0.7142857142857143,0.3181818181818182,1.5210000000000008,1.2900000000000063,0.5,24.5,0.0,15,Azerbaijan Grand Prix,GAS,Pierre Gasly,Alpine,7.0,,False,11.500882,474,1.896
9.36097739453125,0.4254989724786932,0.3648311595880682,2.8912583765550943,0.9109032515625002,0.5810476265625001,1.5335721875000001,0.5714285714285714,0.45454545454545453,2.1570000000000107,2.132000000000005,0.39999999999999997,24.5,0.0,15,Azerbaijan Grand Prix,COL,Franco Colapinto,Alpine,10.0,,False,11.80344,392,1.568
8.580746944531251,0.3900339520241478,0.40303243213778417,2.680951323690902,1.3101446250000002,3.2077890000000004,1.6449471875000001,0.47619047619047616,0.5454545454545454,2.334000000000003,2.334000000000003,0.3333333333333333,24.5,0.0,15,Azerbaijan Grand Prix,LAW,Liam Lawson,Racing Bulls,12.0,,False,13.333274,188,0.752
9.202904444531251,0.41831383838778413,0.40303243213778417,1.3919410907075054,0.6324477359375,0.3437699234374999,1.3225784375000003,0.33333333333333337,0.6818181818181818,2.5799999999999983,2.9240000000000066,0.23333333333333334,24.5,0.0,15,Azerbaijan Grand Prix,LIN,Arvid Lindblad,Racing Bulls,15.0,,False,14.18254,139,0.556
16.47509621328125,0.7488680096946023,0.6212428433593751,2.7386127875258306,-1.7004416007812502,1.40388030390625,1.4802500000000003,0.5238095238095238,0.5,2.2490000000000094,2.344999999999999,0.36666666666666664,24.5,0.0,15,Azerbaijan Grand Prix,BEA,Oliver Bearman,Haas F1 Team,11.0,,False,14.28471,110,0.44
14.085936364843754,0.6402698347656252,0.6212428433593751,2.4206145913796355,0.46084137109375,-0.11651425390625014,1.7013493523437502,0.38095238095238093,0.6363636363636364,2.490000000000009,1.943000000000012,0.2666666666666666,24.5,0.0,15,Azerbaijan Grand Prix,OCO,Esteban Ocon,Haas F1 Team,14.0,,False,14.895669,83,0.332
16.123459914843753,0.7328845415838069,0.6734271642400569,1.7633419974582356,0.6926854289062501,1.1053298039062502,1.7433392828125003,0.4285714285714286,0.5909090909090909,2.4750000000000085,2.728999999999999,0.3,24.5,0.0,15,Azerbaijan Grand Prix,ALB,Alexander Albon,Williams,13.0,,False,14.9863615,78,0.312
16.768813040625005,0.7622187745738638,0.6734271642400569,2.595067436503337,-0.3318198617187499,0.66524359140625,2.1725840015625,0.6190476190476191,0.4090909090909091,2.0400000000000063,2.2580000000000098,0.43333333333333335,24.5,0.0,15,Azerbaijan Grand Prix,SAI,Carlos Sainz,Williams,9.0,,False,14.843238,74,0.296
11.980773171875002,0.544580598721591,0.44547321235795456,1.7853571071357126,-0.63309190625,-0.92176971875,1.4739277898437502,0.23809523809523814,0.7727272727272727,3.2730000000000103,2.4470000000000027,0.16666666666666669,24.5,0.0,15,Azerbaijan Grand Prix,BOR,Gabriel Bortoleto,Audi,17.0,,False,16.711805,26,0.104
10.720344350000001,0.48728837954545456,0.44547321235795456,4.763139720814412,1.14778609140625,0.79528266953125,1.6297228351562503,0.19047619047619047,0.8181818181818182,3.3940000000000055,2.507000000000005,0.1333333333333333,24.5,0.0,15,Azerbaijan Grand Prix,HUL,Nico Hulkenberg,Audi,18.0,,False,16.862247,20,0.08
16.82430216484375,0.7647410074928978,0.7500878824928978,3.515590277606308,2.0808512343750003,1.6493812500000002,1.7372756476562503,0.1428571428571429,0.8636363636363636,4.067000000000007,3.1650000000000063,0.10000000000000003,24.5,0.0,15,Azerbaijan Grand Prix,ALO,Fernando Alonso,Aston Martin,19.0,,False,18.089355,14,0.056
18.725644955468752,0.8511656797940341,0.8046414326349434,3.0,1.2186619039062503,-0.05619372109374976,1.6764367757812502,0.09523809523809523,0.9090909090909091,4.132000000000005,2.413000000000011,0.06666666666666665,24.5,0.0,15,Azerbaijan Grand Prix,PER,Sergio Perez,Cadillac,20.0,,False,17.948126,7,0.028
19.921263369531253,0.9055119713423296,0.7500878824928978,2.537222891273055,1.95385263671875,-0.016955846874999955,0.9045421945312501,0.04761904761904767,0.9545454545454546,4.811000000000007,4.056000000000012,0.03333333333333337,24.5,0.0,15,Azerbaijan Grand Prix,STR,Lance Stroll,Aston Martin,21.0,,False,19.10673,3,0.012
18.59717761640625,0.8453262552911933,0.8046414326349434,2.0463381929681126,1.27984272734375,0.0049871023437499384,1.94625057109375,0.0,1.0,5.76400000000001,3.3900000000000006,0.0,24.5,0.0,15,Azerbaijan Grand Prix,BOT,Valtteri Bottas,Cadillac,22.0,,False,19.72502,3,0.012
