finish_pos_ew,finish_norm_ew,team_finish_norm_ew,spread_per_race,speed_bias,overtaking_pace,tyre_strategy,grid_score,quali_pos_norm,quali_gap_sec,practice_best_sec,grid_track_position,air_temp_c,wet_session,round,event,code,name,team,quali_pos,finish,retired
,,,,,,,1.0,0.045454545454545456,0.0,0.0,0.62,20.5,0.0,1,Australian Grand Prix,RUS,George Russell,Mercedes,1.0,1.0,False
,,,,,,,0.9523809523809523,0.09090909090909091,0.29300000000000637,0.8900000000000006,0.5904761904761905,20.5,0.0,1,Australian Grand Prix,ANT,Kimi Antonelli,Mercedes,2.0,2.0,False
,,,,,,,0.9047619047619048,0.13636363636363635,0.7849999999999966,1.0840000000000032,0.560952380952381,20.5,0.0,1,Australian Grand Prix,HAD,Isack Hadjar,Red Bull Racing,3.0,20.0,True
,,,,,,,0.8571428571428572,0.18181818181818182,0.8089999999999975,0.7740000000000009,0.5314285714285715,20.5,0.0,1,Australian Grand Prix,LEC,Charles Leclerc,Ferrari,4.0,3.0,False
,,,,,,,0.8095238095238095,0.22727272727272727,0.8619999999999948,0.6760000000000019,0.5019047619047619,20.5,0.0,1,Australian Grand Prix,PIA,Oscar Piastri,McLaren,5.0,21.0,True
,,,,,,,0.7619047619047619,0.2727272727272727,0.9569999999999936,1.3900000000000006,0.47238095238095235,20.5,0.0,1,Australian Grand Prix,NOR,Lando Norris,McLaren,6.0,5.0,False
,,,,,,,0.7142857142857143,0.3181818181818182,0.9599999999999937,0.6159999999999997,0.44285714285714284,20.5,0.0,1,Australian Grand Prix,HAM,Lewis Hamilton,Ferrari,7.0,4.0,False
,,,,,,,0.6666666666666667,0.36363636363636365,1.475999999999999,1.8370000000000033,0.4133333333333334,20.5,0.0,1,Australian Grand Prix,LAW,Liam Lawson,Racing Bulls,8.0,13.0,False
,,,,,,,0.6190476190476191,0.4090909090909091,1.453000000000003,1.7849999999999966,0.3838095238095238,20.5,0.0,1,Australian Grand Prix,LIN,Arvid Lindblad,Racing Bulls,9.0,8.0,False
,,,,,,,0.5714285714285714,0.45454545454545453,1.703000000000003,1.406000000000006,0.35428571428571426,20.5,0.0,1,Australian Grand Prix,BOR,Gabriel Bortoleto,Audi,10.0,9.0,False
,,,,,,,0.5238095238095238,0.5,1.7849999999999966,2.013999999999996,0.32476190476190475,20.5,0.0,1,Australian Grand Prix,HUL,Nico Hulkenberg,Audi,11.0,22.0,True
,,,,,,,0.47619047619047616,0.5454545454545454,1.7930000000000064,1.7250000000000085,0.29523809523809524,20.5,0.0,1,Australian Grand Prix,BEA,Oliver Bearman,Haas F1 Team,12.0,7.0,False
,,,,,,,0.4285714285714286,0.5909090909090909,1.972999999999999,1.9300000000000068,0.26571428571428574,20.5,0.0,1,Australian Grand Prix,OCO,Esteban Ocon,Haas F1 Team,13.0,11.0,False
,,,,,,,0.38095238095238093,0.6363636363636364,1.983000000000004,2.0180000000000007,0.23619047619047617,20.5,0.0,1,Australian Grand Prix,GAS,Pierre Gasly,Alpine,14.0,10.0,False
,,,,,,,0.33333333333333337,0.6818181818181818,2.423000000000002,2.611000000000004,0.2066666666666667,20.5,0.0,1,Australian Grand Prix,ALB,Alexander Albon,Williams,15.0,12.0,False
,,,,,,,0.2857142857142857,0.7272727272727273,2.682000000000002,2.3599999999999994,0.17714285714285713,20.5,0.0,1,Australian Grand Prix,COL,Franco Colapinto,Alpine,16.0,14.0,False
,,,,,,,0.23809523809523814,0.7727272727272727,3.4509999999999934,3.6670000000000016,0.14761904761904765,20.5,0.0,1,Australian Grand Prix,ALO,Fernando Alonso,Aston Martin,17.0,18.0,True
,,,,,,,0.19047619047619047,0.8181818181818182,4.087000000000003,5.344000000000008,0.11809523809523809,20.5,0.0,1,Australian Grand Prix,PER,Sergio Perez,Cadillac,18.0,16.0,False
,,,,,,,0.1428571428571429,0.8636363636363636,4.725999999999999,4.4609999999999985,0.0885714285714286,20.5,0.0,1,Australian Grand Prix,BOT,Valtteri Bottas,Cadillac,19.0,19.0,True
,,,,,,,0.0,,,6.763000000000005,0.0,20.5,0.0,1,Australian Grand Prix,STR,Lance Stroll,Aston Martin,,17.0,False
,,,,,,,0.09523809523809523,,,1.1440000000000055,0.05904761904761904,20.5,0.0,1,Australian Grand Prix,VER,Max Verstappen,Red Bull Racing,,6.0,False
,,,,,,,0.04761904761904767,,,3.200000000000003,0.029523809523809556,20.5,0.0,1,Australian Grand Prix,SAI,Carlos Sainz,Williams,,15.0,False
2.0,0.09090909090909091,0.045454545454545456,,0.0,0.0,1.0,1.0,0.045454545454545456,0.0,0.12000000000000455,0.58,17.7,0.0,2,Chinese Grand Prix,ANT,Kimi Antonelli,Mercedes,1.0,1.0,False
1.0,0.045454545454545456,0.045454545454545456,,0.0,0.0,1.0,0.9523809523809523,0.09090909090909091,0.2220000000000084,0.0,0.5523809523809523,17.7,0.0,2,Chinese Grand Prix,RUS,George Russell,Mercedes,2.0,2.0,False
4.0,0.18181818181818182,0.13636363636363635,,3.0,3.0,1.0,0.9047619047619048,0.13636363636363635,0.3510000000000133,1.3880000000000052,0.5247619047619048,17.7,0.0,2,Chinese Grand Prix,HAM,Lewis Hamilton,Ferrari,3.0,3.0,False
3.0,0.13636363636363635,0.13636363636363635,,1.0,1.0,1.0,0.8571428571428572,0.18181818181818182,0.3640000000000043,0.8580000000000041,0.49714285714285716,17.7,0.0,2,Chinese Grand Prix,LEC,Charles Leclerc,Ferrari,4.0,4.0,False
21.0,0.9545454545454546,0.22727272727272727,,-16.0,-16.0,,0.8095238095238095,0.22727272727272727,0.4860000000000042,0.7309999999999945,0.4695238095238095,17.7,0.0,2,Chinese Grand Prix,PIA,Oscar Piastri,McLaren,5.0,19.0,True
5.0,0.22727272727272727,0.22727272727272727,,1.0,1.0,2.0,0.7619047619047619,0.2727272727272727,0.5440000000000111,0.5550000000000068,0.44190476190476186,17.7,0.0,2,Chinese Grand Prix,NOR,Lando Norris,McLaren,6.0,20.0,True
10.0,0.45454545454545453,0.45454545454545453,,4.0,4.0,1.0,0.7142857142857143,0.3181818181818182,0.8090000000000117,1.9350000000000023,0.41428571428571426,17.7,0.0,2,Chinese Grand Prix,GAS,Pierre Gasly,Alpine,7.0,6.0,False
6.0,0.2727272727272727,0.2727272727272727,,,14.0,2.0,0.6666666666666667,0.36363636363636365,0.9380000000000024,1.7999999999999972,0.38666666666666666,17.7,0.0,2,Chinese Grand Prix,VER,Max Verstappen,Red Bull Racing,8.0,16.0,True
20.0,0.9090909090909091,0.2727272727272727,,-17.0,-17.0,0.0,0.6190476190476191,0.4090909090909091,1.0570000000000022,2.114999999999995,0.35904761904761906,17.7,0.0,2,Chinese Grand Prix,HAD,Isack Hadjar,Red Bull Racing,9.0,8.0,False
7.0,0.3181818181818182,0.3181818181818182,,5.0,5.0,1.0,0.5714285714285714,0.45454545454545453,1.1330000000000098,1.6850000000000023,0.3314285714285714,17.7,0.0,2,Chinese Grand Prix,BEA,Oliver Bearman,Haas F1 Team,10.0,5.0,False
22.0,1.0,0.4090909090909091,,-11.0,-11.0,,0.5238095238095238,0.5,1.2900000000000063,1.8979999999999961,0.3038095238095238,17.7,0.0,2,Chinese Grand Prix,HUL,Nico Hulkenberg,Audi,11.0,11.0,False
14.0,0.6363636363636364,0.45454545454545453,,2.0,2.0,2.0,0.47619047619047616,0.5454545454545454,1.2930000000000064,2.206000000000003,0.27619047619047615,17.7,0.0,2,Chinese Grand Prix,COL,Franco Colapinto,Alpine,12.0,10.0,False
11.0,0.5,0.3181818181818182,,2.0,2.0,1.0,0.4285714285714286,0.5909090909090909,1.4740000000000038,2.1359999999999957,0.24857142857142858,17.7,0.0,2,Chinese Grand Prix,OCO,Esteban Ocon,Haas F1 Team,13.0,14.0,False
13.0,0.5909090909090909,0.36363636363636365,,-5.0,-5.0,2.0,0.38095238095238093,0.6363636363636364,1.7010000000000076,2.0319999999999965,0.22095238095238093,17.7,0.0,2,Chinese Grand Prix,LAW,Liam Lawson,Racing Bulls,14.0,7.0,False
8.0,0.36363636363636365,0.36363636363636365,,1.0,1.0,1.0,0.33333333333333337,0.6818181818181818,1.720000000000013,5.155000000000001,0.19333333333333333,17.7,0.0,2,Chinese Grand Prix,LIN,Arvid Lindblad,Racing Bulls,15.0,12.0,False
9.0,0.4090909090909091,0.4090909090909091,,1.0,1.0,2.0,0.2857142857142857,0.7272727272727273,1.4850000000000136,2.0870000000000033,0.1657142857142857,17.7,0.0,2,Chinese Grand Prix,BOR,Gabriel Bortoleto,Audi,16.0,21.0,True
15.0,0.6818181818181818,0.5454545454545454,,,6.0,3.0,0.23809523809523814,0.7727272727272727,2.253,2.9380000000000024,0.1380952380952381,17.7,0.0,2,Chinese Grand Prix,SAI,Carlos Sainz,Williams,17.0,9.0,False
12.0,0.5454545454545454,0.5454545454545454,,3.0,3.0,2.0,0.0,0.8181818181818182,2.7080000000000126,2.7390000000000043,0.0,17.7,0.0,2,Chinese Grand Prix,ALB,Alexander Albon,Williams,18.0,22.0,True
18.0,0.8181818181818182,0.7727272727272727,,-1.0,-1.0,2.0,0.19047619047619047,0.8636363636363636,3.13900000000001,3.114999999999995,0.11047619047619046,17.7,0.0,2,Chinese Grand Prix,ALO,Fernando Alonso,Aston Martin,19.0,17.0,True
19.0,0.8636363636363636,0.7272727272727273,,0.0,0.0,1.0,0.1428571428571429,0.9090909090909091,3.372000000000014,3.3160000000000025,0.08285714285714288,17.7,0.0,2,Chinese Grand Prix,BOT,Valtteri Bottas,Cadillac,20.0,13.0,False
17.0,0.7727272727272727,0.7727272727272727,,,5.0,4.0,0.09523809523809523,0.9545454545454546,3.9310000000000116,4.483000000000004,0.05523809523809523,17.7,0.0,2,Chinese Grand Prix,STR,Lance Stroll,Aston Martin,21.0,18.0,True
16.0,0.7272727272727273,0.7272727272727273,,2.0,2.0,2.0,0.04761904761904767,1.0,4.842000000000013,6.459000000000003,0.027619047619047647,17.7,0.0,2,Chinese Grand Prix,PER,Sergio Perez,Cadillac,22.0,15.0,False
1.55,0.07045454545454546,0.045454545454545456,0.5,0.0,0.0,1.0,1.0,0.045454545454545456,0.0,0.0,0.7,16.5,0.0,3,Japanese Grand Prix,ANT,Kimi Antonelli,Mercedes,1.0,1.0,False
1.4500000000000002,0.06590909090909092,0.045454545454545456,0.5,0.0,0.0,1.0,0.9523809523809523,0.09090909090909091,0.2979999999999876,0.2540000000000049,0.6666666666666666,16.5,0.0,3,Japanese Grand Prix,RUS,George Russell,Mercedes,2.0,4.0,False
20.1,0.9136363636363637,0.5136363636363637,1.0,-15.100000000000001,-15.100000000000001,,0.9047619047619048,0.13636363636363635,0.3539999999999992,0.7710000000000008,0.6333333333333333,16.5,0.0,3,Japanese Grand Prix,PIA,Oscar Piastri,McLaren,3.0,2.0,False
3.45,0.1568181818181818,0.13636363636363635,0.5,0.55,0.55,1.0,0.8571428571428572,0.18181818181818182,0.5249999999999915,0.8670000000000044,0.6,16.5,0.0,3,Japanese Grand Prix,LEC,Charles Leclerc,Ferrari,4.0,3.0,False
11.75,0.5340909090909091,0.5136363636363637,7.5,-5.75,-5.75,2.0,0.8095238095238095,0.22727272727272727,0.6310000000000002,1.2379999999999995,0.5666666666666667,16.5,0.0,3,Japanese Grand Prix,NOR,Lando Norris,McLaren,5.0,5.0,False
3.5500000000000003,0.16136363636363638,0.13636363636363635,0.5,1.6500000000000001,1.6500000000000001,1.0,0.7619047619047619,0.2727272727272727,0.7889999999999873,1.0210000000000008,0.5333333333333332,16.5,0.0,3,Japanese Grand Prix,HAM,Lewis Hamilton,Ferrari,6.0,6.0,False
8.2,0.37272727272727274,0.37272727272727274,2.0,2.6500000000000004,2.6500000000000004,1.0,0.7142857142857143,0.3181818181818182,0.9129999999999967,1.7199999999999989,0.5,16.5,0.0,3,Japanese Grand Prix,GAS,Pierre Gasly,Alpine,7.0,7.0,False
14.6,0.6636363636363636,0.3136363636363636,6.0,-8.900000000000002,-8.900000000000002,0.9,0.6666666666666667,0.36363636363636365,1.1999999999999886,1.7319999999999993,0.4666666666666667,16.5,0.0,3,Japanese Grand Prix,HAD,Isack Hadjar,Red Bull Racing,8.0,12.0,False
14.400000000000002,0.6545454545454545,0.45000000000000007,6.0,-1.7,-1.7,2.0,0.6190476190476191,0.4090909090909091,1.211999999999989,1.6380000000000052,0.43333333333333335,16.5,0.0,3,Japanese Grand Prix,BOR,Gabriel Bortoleto,Audi,9.0,13.0,False
9.8,0.44545454545454544,0.3431818181818182,2.0,1.9000000000000001,1.9000000000000001,1.0,0.5714285714285714,0.45454545454545453,1.3309999999999889,1.926000000000002,0.39999999999999997,16.5,0.0,3,Japanese Grand Prix,LIN,Arvid Lindblad,Racing Bulls,10.0,14.0,False
10.5,0.4772727272727273,0.3136363636363636,5.0,-8.0,4.100000000000001,1.55,0.5238095238095238,0.5,1.4839999999999947,1.5480000000000018,0.36666666666666664,16.5,0.0,3,Japanese Grand Prix,VER,Max Verstappen,Red Bull Racing,11.0,8.0,False
12.350000000000001,0.5613636363636364,0.2772727272727273,1.5,0.6500000000000001,0.6500000000000001,1.4500000000000002,0.47619047619047616,0.5454545454545454,1.5309999999999917,1.9639999999999986,0.3333333333333333,16.5,0.0,3,Japanese Grand Prix,OCO,Esteban Ocon,Haas F1 Team,12.0,10.0,False
17.05,0.775,0.45000000000000007,5.5,-6.050000000000001,-6.050000000000001,1.0,0.4285714285714286,0.5909090909090909,1.5799999999999983,1.2960000000000065,0.3,16.5,0.0,3,Japanese Grand Prix,HUL,Nico Hulkenberg,Audi,13.0,11.0,False
10.3,0.46818181818181825,0.3431818181818182,3.0,0.3999999999999999,0.3999999999999999,1.55,0.38095238095238093,0.6363636363636364,1.7169999999999987,1.7349999999999994,0.2666666666666666,16.5,0.0,3,Japanese Grand Prix,LAW,Liam Lawson,Racing Bulls,14.0,9.0,False
12.200000000000001,0.5545454545454546,0.37272727272727274,2.0,2.0,2.0,1.55,0.33333333333333337,0.6818181818181818,1.8489999999999895,2.3970000000000056,0.23333333333333334,16.5,0.0,3,Japanese Grand Prix,COL,Franco Colapinto,Alpine,15.0,16.0,False
12.3,0.5590909090909091,0.4840909090909091,3.0,8.0,6.9,2.1,0.2857142857142857,0.7272727272727273,2.149000000000001,2.2460000000000093,0.19999999999999998,16.5,0.0,3,Japanese Grand Prix,SAI,Carlos Sainz,Williams,16.0,15.0,False
16.5,0.75,0.4840909090909091,5.0,-0.1499999999999999,1.6500000000000001,2.0,0.23809523809523814,0.7727272727272727,2.309999999999988,2.1340000000000003,0.16666666666666669,16.5,0.0,3,Japanese Grand Prix,ALB,Alexander Albon,Williams,17.0,20.0,False
6.1000000000000005,0.2772727272727273,0.2772727272727273,1.0,5.0,5.0,1.0,0.19047619047619047,0.8181818181818182,2.3119999999999976,2.13600000000001,0.1333333333333333,16.5,0.0,3,Japanese Grand Prix,BEA,Oliver Bearman,Haas F1 Team,18.0,22.0,True
15.55,0.7068181818181818,0.665909090909091,0.5,4.25,3.8000000000000003,1.55,0.1428571428571429,0.8636363636363636,3.4279999999999973,3.1780000000000115,0.10000000000000003,16.5,0.0,3,Japanese Grand Prix,PER,Sergio Perez,Cadillac,19.0,17.0,False
16.3,0.740909090909091,0.665909090909091,3.0,3.15,2.7,1.0,0.09523809523809523,0.9090909090909091,3.5519999999999925,3.1410000000000053,0.06666666666666665,16.5,0.0,3,Japanese Grand Prix,BOT,Valtteri Bottas,Cadillac,20.0,19.0,False
17.55,0.7977272727272728,0.7727272727272727,0.5,0.35,-0.10000000000000003,1.55,0.04761904761904767,0.9545454545454546,3.867999999999995,4.167000000000002,0.03333333333333337,16.5,0.0,3,Japanese Grand Prix,ALO,Fernando Alonso,Aston Martin,21.0,18.0,False
17.450000000000003,0.7931818181818182,0.7727272727272727,0.5,3.0,3.65,2.2,0.0,1.0,4.141999999999996,4.123000000000005,0.0,16.5,0.0,3,Japanese Grand Prix,STR,Lance Stroll,Aston Martin,22.0,21.0,True
1.3025000000000002,0.05920454545454546,0.045454545454545456,0.4714045207910317,0.0,0.0,1.0,1.0,0.045454545454545456,0.0,0.7689999999999912,0.68,33.9,0.0,4,Miami Grand Prix,ANT,Kimi Antonelli,Mercedes,1.0,1.0,False
9.375,0.42613636363636365,0.3361363636363636,4.320493798938574,-3.0500000000000003,3.605000000000001,1.3025000000000002,0.9523809523809523,0.09090909090909091,0.16599999999999682,0.29699999999999704,0.6476190476190476,33.9,0.0,4,Miami Grand Prix,VER,Max Verstappen,Red Bull Racing,2.0,5.0,False
3.2475000000000005,0.14761363636363636,0.13636363636363635,0.4714045207910317,0.7525000000000001,0.7525000000000001,1.0,0.9047619047619048,0.13636363636363635,0.34499999999999886,0.0,0.6152380952380953,33.9,0.0,4,Miami Grand Prix,LEC,Charles Leclerc,Ferrari,3.0,8.0,False
8.7125,0.39602272727272725,0.3234090909090909,7.0710678118654755,-3.1625,-3.1625,1.55,0.8571428571428572,0.18181818181818182,0.3850000000000051,0.8979999999999961,0.582857142857143,33.9,0.0,4,Miami Grand Prix,NOR,Lando Norris,McLaren,4.0,2.0,False
2.5975,0.11806818181818182,0.045454545454545456,1.247219128924647,-0.9,-0.9,1.0,0.8095238095238095,0.22727272727272727,0.3990000000000009,0.789999999999992,0.5504761904761906,33.9,0.0,4,Miami Grand Prix,RUS,George Russell,Mercedes,5.0,4.0,False
4.652500000000001,0.21147727272727274,0.13636363636363635,1.247219128924647,0.9075000000000002,0.9075000000000002,1.0,0.7619047619047619,0.2727272727272727,0.5210000000000008,0.46699999999999875,0.518095238095238,33.9,0.0,4,Miami Grand Prix,HAM,Lewis Hamilton,Ferrari,6.0,6.0,False
11.955000000000002,0.543409090909091,0.3234090909090909,8.524474568362947,-7.855000000000001,-7.855000000000001,1.0,0.7142857142857143,0.3181818181818182,0.5339999999999918,0.4479999999999933,0.48571428571428577,33.9,0.0,4,Miami Grand Prix,PIA,Oscar Piastri,McLaren,7.0,3.0,False
13.91,0.6322727272727273,0.3481818181818182,2.494438257849294,0.6500000000000001,0.6500000000000001,1.3025000000000002,0.6666666666666667,0.36363636363636365,0.9639999999999986,1.7049999999999983,0.4533333333333334,33.9,0.0,4,Miami Grand Prix,COL,Franco Colapinto,Alpine,8.0,7.0,False
7.66,0.3481818181818182,0.3481818181818182,1.699673171197595,1.4575000000000002,1.4575000000000002,1.0,0.6190476190476191,0.4090909090909091,1.0120000000000005,1.277000000000001,0.420952380952381,33.9,0.0,4,Miami Grand Prix,GAS,Pierre Gasly,Alpine,9.0,21.0,True
14.3275,0.6512500000000001,0.47250000000000003,5.185449728701348,-2.4275000000000007,-2.4275000000000007,1.0,0.5714285714285714,0.45454545454545453,1.6409999999999911,2.2849999999999966,0.38857142857142857,33.9,0.0,4,Miami Grand Prix,HUL,Nico Hulkenberg,Audi,10.0,19.0,True
9.715,0.44159090909090915,0.37284090909090917,2.494438257849294,2.4699999999999998,2.4699999999999998,1.3025000000000002,0.5238095238095238,0.5,1.7009999999999934,2.337999999999994,0.3561904761904762,33.9,0.0,4,Miami Grand Prix,LAW,Liam Lawson,Racing Bulls,11.0,20.0,True
13.255,0.6025,0.35704545454545455,7.586537784494029,0.95,0.95,1.0,0.47619047619047616,0.5454545454545454,1.5420000000000016,1.7809999999999917,0.3238095238095238,33.9,0.0,4,Miami Grand Prix,BEA,Oliver Bearman,Haas F1 Team,12.0,11.0,False
13.515,0.6143181818181818,0.5730681818181819,2.8284271247461903,4.8500000000000005,4.245,1.6050000000000002,0.4285714285714286,0.5909090909090909,1.7420000000000044,1.6200000000000045,0.2914285714285715,33.9,0.0,4,Miami Grand Prix,SAI,Carlos Sainz,Williams,13.0,9.0,False
11.2925,0.5132954545454546,0.35704545454545455,1.699673171197595,1.2575,1.2575,1.2475000000000003,0.38095238095238093,0.6363636363636364,1.9740000000000038,2.325000000000003,0.259047619047619,33.9,0.0,4,Miami Grand Prix,OCO,Esteban Ocon,Haas F1 Team,14.0,13.0,False
18.075000000000003,0.821590909090909,0.5730681818181819,4.320493798938574,-1.4325,-0.4424999999999999,3.8000000000000003,0.33333333333333337,0.6818181818181818,1.921999999999997,1.7139999999999986,0.2266666666666667,33.9,0.0,4,Miami Grand Prix,ALB,Alexander Albon,Williams,15.0,10.0,False
11.690000000000001,0.5313636363636364,0.37284090909090917,2.494438257849294,-0.7549999999999999,-0.7549999999999999,1.0,0.2857142857142857,0.7272727272727273,2.3349999999999937,3.5519999999999925,0.19428571428571428,33.9,0.0,4,Miami Grand Prix,LIN,Arvid Lindblad,Racing Bulls,16.0,14.0,False
17.7525,0.8069318181818184,0.7931818181818182,0.4714045207910317,1.5425,1.2950000000000002,1.7525000000000002,0.23809523809523814,0.7727272727272727,3.299999999999997,3.2830000000000013,0.16190476190476194,33.9,0.0,4,Miami Grand Prix,ALO,Fernando Alonso,Aston Martin,17.0,15.0,False
19.047500000000003,0.8657954545454546,0.7931818181818182,1.699673171197595,2.1,2.4575000000000005,2.1100000000000003,0.19047619047619047,0.8181818181818182,3.3659999999999997,3.649000000000001,0.1295238095238095,33.9,0.0,4,Miami Grand Prix,STR,Lance Stroll,Aston Martin,18.0,17.0,False
17.515,0.7961363636363638,0.7139772727272728,2.8284271247461903,2.1825,1.9350000000000003,1.0,0.1428571428571429,0.8636363636363636,3.831000000000003,3.451999999999998,0.09714285714285718,33.9,0.0,4,Miami Grand Prix,BOT,Valtteri Bottas,Cadillac,19.0,18.0,False
16.2025,0.7364772727272728,0.7139772727272728,0.816496580927726,3.2375000000000003,2.99,1.3025000000000002,0.09523809523809523,0.9090909090909091,4.168999999999997,2.7369999999999948,0.06476190476190476,33.9,0.0,4,Miami Grand Prix,PER,Sergio Perez,Cadillac,20.0,16.0,False
13.770000000000003,0.625909090909091,0.47250000000000003,4.988876515698588,-2.7350000000000003,-2.7350000000000003,1.55,0.04761904761904767,0.9545454545454546,5.938999999999993,1.801000000000002,0.03238095238095242,33.9,0.0,4,Miami Grand Prix,BOR,Gabriel Bortoleto,Audi,21.0,12.0,False
13.430000000000001,0.6104545454545455,0.3361363636363636,4.988876515698588,-6.695000000000001,-6.695000000000001,0.9450000000000001,0.0,1.0,,1.5630000000000024,0.0,33.9,0.0,4,Miami Grand Prix,HAD,Isack Hadjar,Red Bull Racing,22.0,22.0,True
3.228625,0.14675568181818183,0.045454545454545456,1.299038105676658,-0.04500000000000004,-0.04500000000000004,1.0,1.0,0.045454545454545456,0.0,0.1419999999999959,0.55,21.3,1.0,5,Canadian Grand Prix,RUS,George Russell,Mercedes,1.0,19.0,True
1.1663750000000002,0.05301704545454546,0.045454545454545456,0.4330127018922193,0.0,0.0,1.0,0.9523809523809523,0.09090909090909091,0.06799999999999784,0.0,0.5238095238095238,21.3,1.0,5,Canadian Grand Prix,ANT,Kimi Antonelli,Mercedes,2.0,1.0,False
5.691875000000001,0.2587215909090909,0.21878409090909096,7.035623639735144,-0.8393750000000001,-0.8393750000000001,1.3025000000000002,0.9047619047619048,0.13636363636363635,0.15099999999999625,1.3970000000000056,0.4976190476190477,21.3,1.0,5,Canadian Grand Prix,NOR,Lando Norris,McLaren,3.0,18.0,True
7.925250000000002,0.3602386363636364,0.21878409090909096,8.78564169540279,-2.5202500000000017,-2.5202500000000017,1.0,0.8571428571428572,0.18181818181818182,0.20300000000000296,1.5609999999999928,0.4714285714285715,21.3,1.0,5,Canadian Grand Prix,PIA,Oscar Piastri,McLaren,4.0,11.0,False
5.258875000000001,0.23903977272727273,0.19772727272727272,1.299038105676658,0.49912500000000015,0.49912500000000015,1.0,0.8095238095238095,0.22727272727272727,0.28999999999999204,0.7740000000000009,0.44523809523809527,21.3,1.0,5,Canadian Grand Prix,HAM,Lewis Hamilton,Ferrari,5.0,2.0,False
7.40625,0.3366477272727273,0.2871477272727273,4.322904116447646,-3.0275000000000003,0.6327500000000006,1.1663750000000002,0.7619047619047619,0.2727272727272727,0.3289999999999935,0.9639999999999986,0.41904761904761906,21.3,1.0,5,Canadian Grand Prix,VER,Max Verstappen,Red Bull Racing,6.0,3.0,False
17.286500000000004,0.7857500000000001,0.2871477272727273,5.722761571129799,-3.682250000000001,-3.682250000000001,0.51975,0.7142857142857143,0.3181818181818182,0.3569999999999993,2.850999999999999,0.3928571428571429,21.3,1.0,5,Canadian Grand Prix,HAD,Isack Hadjar,Red Bull Racing,7.0,5.0,False
5.386125000000001,0.24482386363636366,0.19772727272727272,2.0615528128088303,-1.836125,-1.836125,1.0,0.6666666666666667,0.36363636363636365,0.39799999999999613,0.953000000000003,0.36666666666666675,21.3,1.0,5,Canadian Grand Prix,LEC,Charles Leclerc,Ferrari,8.0,4.0,False
12.729500000000002,0.5786136363636364,0.4914261363636364,2.449489742783178,0.48475000000000007,0.48475000000000007,1.0,0.6190476190476191,0.4090909090909091,0.7019999999999982,2.049999999999997,0.3404761904761905,21.3,1.0,5,Canadian Grand Prix,LIN,Arvid Lindblad,Racing Bulls,9.0,22.0,True
10.800500000000001,0.49093181818181825,0.3346818181818182,3.491060010942235,0.8075000000000001,0.8075000000000001,1.1663750000000002,0.5714285714285714,0.45454545454545453,1.1189999999999998,,0.3142857142857143,21.3,1.0,5,Canadian Grand Prix,COL,Franco Colapinto,Alpine,10.0,6.0,False
16.430125000000004,0.7468238636363638,0.5053295454545454,4.866980583482946,-5.385125,-5.385125,1.0,0.5238095238095238,0.5,1.3079999999999927,2.2959999999999923,0.2880952380952381,21.3,1.0,5,Canadian Grand Prix,HUL,Nico Hulkenberg,Audi,11.0,12.0,False
14.343250000000001,0.6519659090909091,0.4914261363636364,4.968651728587948,-2.6914999999999996,-2.6914999999999996,0.7163750000000002,0.47619047619047616,0.5454545454545454,1.3190000000000026,4.028999999999996,0.2619047619047619,21.3,1.0,5,Canadian Grand Prix,LAW,Liam Lawson,Racing Bulls,12.0,7.0,False
12.973500000000001,0.5897045454545455,0.5053295454545454,4.437059837324712,2.5457499999999995,2.5457499999999995,1.3025000000000002,0.4285714285714286,0.5909090909090909,1.492999999999995,2.8119999999999976,0.23571428571428574,21.3,1.0,5,Canadian Grand Prix,BOR,Gabriel Bortoleto,Audi,13.0,13.0,False
13.663,0.6210454545454546,0.3346818181818182,5.958187643906492,-4.598375,-4.598375,0.55,0.38095238095238093,0.6363636363636364,1.6089999999999947,3.4069999999999965,0.20952380952380953,21.3,1.0,5,Canadian Grand Prix,GAS,Pierre Gasly,Alpine,14.0,8.0,False
11.483250000000002,0.5219659090909091,0.49927840909090915,3.0,4.4675,4.13475,1.33275,0.33333333333333337,0.6818181818181818,1.6949999999999932,3.2579999999999956,0.18333333333333338,21.3,1.0,5,Canadian Grand Prix,SAI,Carlos Sainz,Williams,15.0,9.0,False
12.240250000000001,0.5563750000000001,0.42137500000000006,6.5717197140474575,0.9724999999999999,0.9724999999999999,1.0,0.2857142857142857,0.7272727272727273,1.8379999999999939,4.367999999999995,0.15714285714285714,21.3,1.0,5,Canadian Grand Prix,BEA,Oliver Bearman,Haas F1 Team,16.0,10.0,False
12.060875000000001,0.548221590909091,0.42137500000000006,1.5811388300841898,1.1416250000000001,1.1416250000000001,1.1361250000000003,0.23809523809523814,0.7727272727272727,2.266999999999996,3.094999999999999,0.130952380952381,21.3,1.0,5,Canadian Grand Prix,OCO,Esteban Ocon,Haas F1 Team,17.0,14.0,False
14.441250000000002,0.6564204545454546,0.49927840909090915,5.0990195135927845,1.462125,2.006625,2.5400000000000005,0.19047619047619047,0.8181818181818182,2.272999999999996,3.239999999999995,0.10476190476190476,21.3,1.0,5,Canadian Grand Prix,ALB,Alexander Albon,Williams,18.0,21.0,True
16.513875000000002,0.7506306818181819,0.7430681818181819,1.224744871391589,1.7483750000000002,1.6122500000000002,1.4138750000000002,0.1428571428571429,0.8636363636363636,2.617999999999995,2.4609999999999985,0.0785714285714286,21.3,1.0,5,Canadian Grand Prix,ALO,Fernando Alonso,Aston Martin,19.0,20.0,True
16.111375000000002,0.7323352272727274,0.7199602272727273,0.7071067811865476,3.5806250000000004,3.4445000000000006,1.1663750000000002,0.09523809523809523,0.9090909090909091,2.850999999999999,4.524000000000001,0.05238095238095238,21.3,1.0,5,Canadian Grand Prix,PER,Sergio Perez,Cadillac,20.0,17.0,True
18.126125000000002,0.8239147727272728,0.7430681818181819,1.6393596310755,1.6050000000000002,1.8016250000000003,2.0605,0.0,0.9545454545454546,3.6169999999999902,3.5759999999999934,0.0,21.3,1.0,5,Canadian Grand Prix,STR,Lance Stroll,Aston Martin,21.0,15.0,False
17.733249999999998,0.8060568181818184,0.7199602272727273,2.48746859276655,1.6503750000000001,1.51425,1.9000000000000001,0.04761904761904767,1.0,3.6940000000000026,4.465999999999994,0.026190476190476222,21.3,1.0,5,Canadian Grand Prix,BOT,Valtteri Bottas,Cadillac,22.0,16.0,False
1.0915062500000001,0.04961392045454546,0.045454545454545456,0.4000000000000001,0.45,0.45,1.0,1.0,0.045454545454545456,0.0,0.0,0.95,23.7,0.0,6,Monaco Grand Prix,ANT,Kimi Antonelli,Mercedes,1.0,1.0,False
5.4234375,0.2465198863636364,0.2192948863636364,4.498888751680797,-0.3151250000000003,1.6980125000000004,1.0915062500000001,0.9523809523809523,0.09090909090909091,0.042999999999992156,0.47400000000000375,0.9047619047619047,23.7,0.0,6,Monaco Grand Prix,VER,Max Verstappen,Red Bull Racing,2.0,22.0,True
3.7923812500000005,0.1723809659090909,0.1496590909090909,1.6,1.6245187500000002,1.6245187500000002,1.0,0.9047619047619048,0.13636363636363635,0.22799999999999443,0.3059999999999974,0.8595238095238095,23.7,0.0,6,Monaco Grand Prix,HAM,Lewis Hamilton,Ferrari,3.0,2.0,False
4.76236875,0.21647130681818183,0.1496590909090909,1.8547236990991407,0.79013125,0.79013125,1.0,0.8571428571428572,0.18181818181818182,0.29999999999999716,0.3269999999999982,0.8142857142857143,23.7,0.0,6,Monaco Grand Prix,LEC,Charles Leclerc,Ferrari,4.0,17.0,True
11.757575000000003,0.5344352272727273,0.2192948863636364,6.6211781428987395,-1.1252375000000008,-1.1252375000000008,1.6358625000000002,0.8095238095238095,0.22727272727272727,0.38299999999999557,1.1569999999999965,0.769047619047619,23.7,0.0,6,Monaco Grand Prix,HAD,Isack Hadjar,Red Bull Racing,5.0,3.0,False
10.32574375,0.4693519886363637,0.045454545454545456,6.603029607687671,-8.124749999999999,-8.124749999999999,0.55,0.7619047619047619,0.2727272727272727,0.39399999999999125,0.6850000000000023,0.7238095238095237,23.7,0.0,6,Monaco Grand Prix,RUS,George Russell,Mercedes,6.0,12.0,False
9.3088875,0.42313125000000007,0.34533125000000003,7.858753081755401,-4.536137500000001,-4.536137500000001,1.9000000000000001,0.7142857142857143,0.3181818181818182,0.5729999999999933,0.9779999999999944,0.6785714285714286,23.7,0.0,6,Monaco Grand Prix,PIA,Oscar Piastri,McLaren,7.0,4.0,False
11.23053125,0.5104786931818183,0.34533125000000003,7.4565407529228995,-7.21165625,-7.21165625,1.6163750000000001,0.6666666666666667,0.36363636363636365,0.7139999999999986,1.2860000000000014,0.6333333333333334,23.7,0.0,6,Monaco Grand Prix,NOR,Lando Norris,McLaren,8.0,19.0,True
11.114650000000001,0.5052113636363637,0.30680227272727273,5.4626001134990645,0.17089374999999984,0.17089374999999984,0.7525000000000001,0.6190476190476191,0.4090909090909091,1.1749999999999972,1.7600000000000051,0.5880952380952381,23.7,0.0,6,Monaco Grand Prix,GAS,Pierre Gasly,Alpine,9.0,7.0,False
11.038787500000002,0.5017630681818183,0.4134661931818182,4.915282290977803,0.7696750000000001,0.7696750000000001,0.8440062500000002,0.5714285714285714,0.45454545454545453,1.3610000000000042,1.8670000000000044,0.5428571428571428,23.7,0.0,6,Monaco Grand Prix,LAW,Liam Lawson,Racing Bulls,10.0,5.0,False
17.3926875,0.7905767045454546,0.45869403409090914,4.979959839195493,-0.5458312500000001,-0.24635624999999983,1.3970000000000005,0.5238095238095238,0.5,1.7360000000000042,1.8799999999999955,0.4976190476190476,23.7,0.0,6,Monaco Grand Prix,ALB,Alexander Albon,Williams,11.0,8.0,False
10.365787500000001,0.47117215909090915,0.45869403409090914,2.939387691339814,5.157125000000001,4.9741125,1.6330125,0.47619047619047616,0.5454545454545454,1.7639999999999958,1.6159999999999997,0.45238095238095233,23.7,0.0,6,Monaco Grand Prix,SAI,Carlos Sainz,Williams,12.0,16.0,True
14.436568750000003,0.6562076704545455,0.5233857954545454,4.604345773288535,-3.4118187500000006,-3.4118187500000006,1.4500000000000002,0.4285714285714286,0.5909090909090909,1.850999999999999,1.3299999999999983,0.40714285714285714,23.7,0.0,6,Monaco Grand Prix,HUL,Nico Hulkenberg,Audi,13.0,13.0,False
8.640275000000003,0.3927397727272728,0.30680227272727273,3.8781438859330635,2.2441250000000004,2.2441250000000004,1.0915062500000001,0.38095238095238093,0.6363636363636364,1.9440000000000026,2.0379999999999967,0.36190476190476184,23.7,0.0,6,Monaco Grand Prix,COL,Franco Colapinto,Alpine,14.0,14.0,False
16.901225000000004,0.7682375000000001,0.4134661931818182,4.560701700396552,-5.583387500000001,-5.583387500000001,1.0,0.33333333333333337,0.6818181818181818,2.1970000000000027,2.028000000000006,0.3166666666666667,23.7,0.0,6,Monaco Grand Prix,LIN,Arvid Lindblad,Racing Bulls,15.0,6.0,False
12.985425000000003,0.590246590909091,0.5233857954545454,3.97994974842648,1.4001624999999998,1.4001624999999998,1.6163750000000001,0.2857142857142857,0.7272727272727273,2.632000000000005,1.0999999999999943,0.2714285714285714,23.7,0.0,6,Monaco Grand Prix,BOR,Gabriel Bortoleto,Audi,16.0,11.0,False
12.93348125,0.5878855113636364,0.4363017045454546,1.624807680927192,1.9778937500000002,1.9778937500000002,1.5248687500000002,0.23809523809523814,0.7727272727272727,2.6709999999999923,1.558000000000007,0.22619047619047622,23.7,0.0,6,Monaco Grand Prix,OCO,Esteban Ocon,Haas F1 Team,17.0,9.0,False
16.511256250000002,0.7505116477272729,0.7232508522727273,0.7483314773547882,3.3193437500000007,3.2444750000000004,1.9915062500000003,0.19047619047619047,0.8181818181818182,2.695999999999998,2.2249999999999943,0.18095238095238092,23.7,0.0,6,Monaco Grand Prix,PER,Sergio Perez,Cadillac,18.0,15.0,False
11.2321375,0.5105517045454546,0.4363017045454546,5.89915248150105,3.234875,3.234875,1.0,0.1428571428571429,0.8636363636363636,2.762999999999991,1.7360000000000042,0.13571428571428576,23.7,0.0,6,Monaco Grand Prix,BEA,Oliver Bearman,Haas F1 Team,19.0,20.0,True
16.9532875,0.7706039772727274,0.7232508522727273,2.280350850198276,3.6077062500000006,3.0828375,2.845,0.09523809523809523,0.9090909090909091,3.2319999999999993,2.7309999999999945,0.09047619047619046,23.7,0.0,6,Monaco Grand Prix,BOT,Valtteri Bottas,Cadillac,20.0,21.0,True
18.082631250000002,0.8219377840909092,0.715505681818182,1.624807680927192,0.5116062500000003,0.43673750000000017,1.2276312500000002,0.04761904761904767,0.9545454545454546,3.298000000000002,2.573999999999998,0.045238095238095286,23.7,0.0,6,Monaco Grand Prix,ALO,Fernando Alonso,Aston Martin,21.0,10.0,False
16.71936875,0.7599713068181819,0.715505681818182,1.9595917942265424,3.5827500000000003,4.14089375,2.033275,0.0,1.0,4.010000000000005,3.2010000000000076,0.0,23.7,0.0,6,Monaco Grand Prix,STR,Lance Stroll,Aston Martin,22.0,18.0,True
11.0791590625,0.5035981392045455,0.045454545454545456,6.429100507328637,-7.1686125,-7.1686125,2.5525,1.0,0.045454545454545456,0.0,0.009000000000000341,0.78,30.7,0.0,7,Barcelona Grand Prix,RUS,George Russell,Mercedes,1.0,2.0,False
2.9858096875,0.13571862215909092,0.12322159090909092,1.674979270186815,1.3434853125000001,1.3434853125000001,2.8,0.9523809523809523,0.09090909090909091,0.06399999999999295,0.9549999999999983,0.7428571428571429,30.7,0.0,7,Barcelona Grand Prix,HAM,Lewis Hamilton,Ferrari,2.0,1.0,False
1.0503284375000002,0.04774220170454546,0.045454545454545456,0.3726779962499649,0.24750000000000003,0.24750000000000003,2.35,0.9047619047619048,0.13636363636363635,0.3190000000000026,0.5889999999999986,0.7057142857142857,30.7,0.0,7,Barcelona Grand Prix,ANT,Kimi Antonelli,Mercedes,3.0,16.0,True
14.726792187500001,0.6693996448863637,0.27175036931818186,7.58836829188814,-8.9164109375,-8.9164109375,0.8890062500000001,0.8571428571428572,0.18181818181818182,0.32200000000000273,0.0,0.6685714285714286,30.7,0.0,7,Barcelona Grand Prix,NOR,Lando Norris,McLaren,4.0,3.0,False
12.882890625000002,0.5855859375000001,0.1819758238636364,6.757711644237764,-9.17331875,-8.066093125,0.6003284375000001,0.8095238095238095,0.22727272727272727,0.34199999999999875,0.894999999999996,0.6314285714285715,30.7,0.0,7,Barcelona Grand Prix,VER,Max Verstappen,Red Bull Racing,5.0,4.0,False
7.816666250000003,0.3553030113636364,0.1819758238636364,7.180219742846005,0.2811193749999995,0.2811193749999995,2.699724375,0.7619047619047619,0.2727272727272727,0.39799999999999613,1.2480000000000047,0.5942857142857143,30.7,0.0,7,Barcelona Grand Prix,HAD,Isack Hadjar,Red Bull Racing,6.0,6.0,False
6.919888125000001,0.31454036931818186,0.27175036931818186,7.659416862050705,-1.1448756250000005,-1.1448756250000005,3.295,0.7142857142857143,0.3181818181818182,0.41100000000000136,0.05700000000000216,0.5571428571428572,30.7,0.0,7,Barcelona Grand Prix,PIA,Oscar Piastri,McLaren,7.0,5.0,False
8.321333125000002,0.37824241477272735,0.32967913352272726,5.047001309908906,2.67332125,2.67332125,2.2642034375,0.6666666666666667,0.36363636363636365,0.9059999999999917,1.5409999999999968,0.5200000000000001,30.7,0.0,7,Barcelona Grand Prix,LAW,Liam Lawson,Racing Bulls,8.0,8.0,False
13.790112812500002,0.6268233096590909,0.5128621875,4.268749491621899,-1.8765003125000004,-1.8765003125000004,3.4975000000000005,0.6190476190476191,0.4090909090909091,1.0889999999999986,1.5079999999999956,0.4828571428571429,30.7,0.0,7,Barcelona Grand Prix,HUL,Nico Hulkenberg,Audi,9.0,20.0,True
10.269302812500001,0.46678649147727275,0.12322159090909092,4.9916597106239795,-5.415427812500001,-5.415427812500001,1.9000000000000001,0.5714285714285714,0.45454545454545453,0.6020000000000039,0.37300000000000466,0.44571428571428573,30.7,0.0,7,Barcelona Grand Prix,LEC,Charles Leclerc,Ferrari,10.0,15.0,True
11.995673750000002,0.5452578977272728,0.32967913352272726,5.120763831912406,0.9791368749999991,0.9791368749999991,2.35,0.5238095238095238,0.5,1.1610000000000014,0.9849999999999994,0.4085714285714286,30.7,0.0,7,Barcelona Grand Prix,LIN,Arvid Lindblad,Racing Bulls,11.0,9.0,False
12.091983750000002,0.5496356250000001,0.5128621875,3.760171390892826,3.020089375,3.020089375,4.03900625,0.47619047619047616,0.5454545454545454,1.3220000000000027,1.1850000000000023,0.37142857142857144,30.7,0.0,7,Barcelona Grand Prix,BOR,Gabriel Bortoleto,Audi,12.0,11.0,False
11.052151250000001,0.5023705113636364,0.3119230681818182,3.7601713908928263,1.2342687500000002,1.2342687500000002,2.8503284375,0.4285714285714286,0.5909090909090909,1.5120000000000005,1.625,0.3342857142857143,30.7,0.0,7,Barcelona Grand Prix,COL,Franco Colapinto,Alpine,13.0,10.0,False
9.2630575,0.4210480681818182,0.3119230681818182,5.145116346811044,0.9939915625,0.9939915625,2.2138750000000003,0.38095238095238093,0.6363636363636364,1.5819999999999936,1.8340000000000032,0.29714285714285715,30.7,0.0,7,Barcelona Grand Prix,GAS,Pierre Gasly,Alpine,14.0,7.0,False
15.177675625000001,0.6898943465909091,0.42405684659090914,6.34428877022476,1.3291812500000002,1.3291812500000002,1.0,0.33333333333333337,0.6818181818181818,1.7099999999999937,1.5189999999999912,0.26000000000000006,30.7,0.0,7,Barcelona Grand Prix,BEA,Oliver Bearman,Haas F1 Team,15.0,17.0,True
12.901183125000001,0.5864174147727272,0.4159180823863637,3.1841621957571333,1.0364187500000004,0.9357618750000005,3.148156875,0.2857142857142857,0.7272727272727273,2.201999999999998,1.593999999999994,0.22285714285714286,30.7,0.0,7,Barcelona Grand Prix,SAI,Carlos Sainz,Williams,16.0,12.0,False
11.163414687500001,0.5074279403409092,0.42405684659090914,1.950783318453271,4.6878415625,4.6878415625,3.0886778125000003,0.23809523809523814,0.7727272727272727,2.3939999999999912,2.1119999999999948,0.18571428571428575,30.7,0.0,7,Barcelona Grand Prix,OCO,Esteban Ocon,Haas F1 Team,17.0,13.0,False
13.165978125,0.5984535511363637,0.4159180823863637,5.649483752226097,1.0497928125,1.2145040625,3.0183500000000003,0.19047619047619047,0.8181818181818182,2.7450000000000045,2.986000000000004,0.14857142857142858,30.7,0.0,7,Barcelona Grand Prix,ALB,Alexander Albon,Williams,18.0,18.0,False
15.831190937500002,0.7195995880681819,0.7046061505681819,0.816496580927726,3.1756390625000006,3.13446125,3.7953284375000003,0.1428571428571429,0.8636363636363636,2.8659999999999997,3.2650000000000006,0.11142857142857147,30.7,0.0,7,Barcelona Grand Prix,PER,Sergio Perez,Cadillac,19.0,14.0,False
18.774308125,0.8533776420454546,0.7046061505681819,2.560381915956203,1.5342384375000004,1.2455606250000002,2.0147500000000003,0.09523809523809523,0.9090909090909091,3.078000000000003,2.7989999999999924,0.07428571428571429,30.7,0.0,7,Barcelona Grand Prix,BOT,Valtteri Bottas,Cadillac,20.0,21.0,True
17.295652812500002,0.7861660369318183,0.5980735795454546,1.7950549357115015,3.7705125000000006,4.0774915625000006,1.5683012500000002,0.04761904761904767,0.9545454545454546,4.0789999999999935,4.033000000000001,0.037142857142857186,30.7,0.0,7,Barcelona Grand Prix,STR,Lance Stroll,Aston Martin,21.0,22.0,True
14.445447187500003,0.6566112357954547,0.5980735795454546,3.197221015541813,5.2313834375,5.190205625,3.3751971875000004,0.0,1.0,4.135999999999996,3.8599999999999994,0.0,30.7,0.0,7,Barcelona Grand Prix,ALO,Fernando Alonso,Aston Martin,22.0,19.0,True
6.993537484375001,0.317888067471591,0.06590909090909092,6.204014500173847,-4.392736875000001,-4.392736875000001,2.303875,1.0,0.045454545454545456,0.0,0.08200000000000784,0.48,33.4,0.0,8,Austrian Grand Prix,RUS,George Russell,Mercedes,1.0,1.0,False
12.398116546875002,0.5635507521306818,0.08822642045454546,5.495824017620383,-5.228485296875,-5.228485296875,1.9450000000000003,0.9523809523809523,0.09090909090909091,0.2360000000000042,0.4380000000000024,0.4571428571428571,33.4,0.0,8,Austrian Grand Prix,LEC,Charles Leclerc,Ferrari,2.0,8.0,False
2.0921953281250003,0.09509978764204546,0.08822642045454546,1.8405855323893037,1.1889169218750002,1.1889169218750002,2.89,0.9047619047619048,0.13636363636363635,0.2950000000000017,0.19700000000000273,0.4342857142857143,33.4,0.0,8,Austrian Grand Prix,HAM,Lewis Hamilton,Ferrari,3.0,5.0,False
7.777680640625,0.3535309382102273,0.06590909090909092,5.202040416009464,-5.713875000000001,-5.713875000000001,2.1925000000000003,0.8571428571428572,0.18181818181818182,0.30100000000000193,0.0,0.4114285714285714,33.4,0.0,8,Austrian Grand Prix,ANT,Kimi Antonelli,Mercedes,4.0,3.0,False
8.885589843750001,0.4038904474431819,0.18190488494318185,6.599319692829199,-4.5953253125,-3.9863512187500003,1.6801806406250002,0.8095238095238095,0.22727272727272727,0.36199999999999477,0.355000000000004,0.38857142857142857,33.4,0.0,8,Austrian Grand Prix,VER,Max Verstappen,Red Bull Racing,5.0,2.0,False
9.449735703125,0.42953344105113644,0.2108263394886364,7.629159955896394,-4.454026015625001,-4.454026015625001,1.3889534375,0.7619047619047619,0.2727272727272727,0.3889999999999958,0.32500000000000284,0.36571428571428566,33.4,0.0,8,Austrian Grand Prix,NOR,Lando Norris,McLaren,6.0,7.0,False
6.055938468750001,0.2752699303977273,0.2108263394886364,7.303898874950981,0.2703184062499997,0.2703184062499997,2.71225,0.7142857142857143,0.3181818181818182,0.39799999999999613,0.23700000000000898,0.34285714285714286,33.4,0.0,8,Austrian Grand Prix,PIA,Oscar Piastri,McLaren,7.0,4.0,False
6.999166437500002,0.3181439289772728,0.18190488494318185,6.937034595530848,0.15461565624999973,0.15461565624999973,2.8348484062500003,0.6666666666666667,0.36363636363636365,0.5190000000000055,0.7439999999999998,0.32,33.4,0.0,8,Austrian Grand Prix,HAD,Isack Hadjar,Red Bull Racing,8.0,6.0,False
8.176733218750002,0.37166969176136366,0.34495988707386366,4.733726150223112,1.4703266875,1.4703266875,2.145311890625,0.6190476190476191,0.4090909090909091,0.8419999999999987,1.0170000000000101,0.29714285714285715,33.4,0.0,8,Austrian Grand Prix,LAW,Liam Lawson,Racing Bulls,9.0,9.0,False
10.647620562500002,0.4839827528409092,0.34495988707386366,4.9114609821917385,1.4385252812499996,1.4385252812499996,2.1925000000000003,0.5714285714285714,0.45454545454545453,0.8940000000000055,1.0949999999999989,0.27428571428571424,33.4,0.0,8,Austrian Grand Prix,LIN,Arvid Lindblad,Racing Bulls,10.0,10.0,False
8.244681625,0.3747582556818182,0.3147395056818182,4.865538961693257,3.696695359375,3.696695359375,2.11763125,0.5238095238095238,0.5,1.1099999999999994,1.179000000000002,0.25142857142857145,33.4,0.0,8,Austrian Grand Prix,GAS,Pierre Gasly,Alpine,11.0,13.0,False
11.600591062500001,0.52729959375,0.5070742031250001,3.5628468323828355,2.11104915625,2.11104915625,3.5714534375,0.47619047619047616,0.5454545454545454,1.1800000000000068,1.2860000000000014,0.22857142857142854,33.4,0.0,8,Austrian Grand Prix,BOR,Gabriel Bortoleto,Audi,12.0,11.0,False
15.997721593750002,0.7271691633522728,0.49914035653409095,6.081084758226504,-0.1689503124999998,-0.1689503124999998,1.4500000000000002,0.4285714285714286,0.5909090909090909,1.4099999999999966,1.5150000000000006,0.2057142857142857,33.4,0.0,8,Austrian Grand Prix,BEA,Oliver Bearman,Haas F1 Team,13.0,14.0,False
16.584562046875,0.753843729403409,0.5070742031250001,4.370588154508101,-5.9820751718750005,-5.9820751718750005,2.3736250000000005,0.38095238095238093,0.6363636363636364,1.4980000000000047,1.2890000000000015,0.18285714285714283,33.4,0.0,8,Austrian Grand Prix,HUL,Nico Hulkenberg,Audi,14.0,12.0,False
11.989878078125003,0.5449944580965911,0.49914035653409095,1.8516401995451028,4.378312859375001,4.378312859375001,3.0487727968750002,0.33333333333333337,0.6818181818181818,1.7039999999999935,1.6929999999999978,0.16,33.4,0.0,8,Austrian Grand Prix,OCO,Esteban Ocon,Haas F1 Team,15.0,16.0,False
10.578683187500001,0.4808492357954546,0.3147395056818182,3.5050983275386565,2.0288478125000005,2.0288478125000005,2.4676806406250003,0.2857142857142857,0.7272727272727273,1.781000000000006,1.3800000000000097,0.13714285714285712,33.4,0.0,8,Austrian Grand Prix,COL,Franco Colapinto,Alpine,16.0,15.0,False
12.495650718750001,0.5679841235795454,0.4742094907670455,2.9485382057928993,2.3700303125000004,2.3146690312500002,3.08148628125,0.23809523809523814,0.7727272727272727,2.138999999999996,1.8290000000000077,0.1142857142857143,33.4,0.0,8,Austrian Grand Prix,SAI,Carlos Sainz,Williams,17.0,20.0,True
15.34128796875,0.6973312713068183,0.4742094907670455,5.303060340934453,0.5773860468750001,0.6679772343750001,3.4600925000000005,0.19047619047619047,0.8181818181818182,2.396000000000001,1.823999999999998,0.09142857142857141,33.4,0.0,8,Austrian Grand Prix,ALB,Alexander Albon,Williams,18.0,17.0,False
15.007155015625003,0.6821434098011365,0.6738970191761364,1.0301575072754257,3.9966014843750006,3.9739536875000003,3.4374306406250006,0.1428571428571429,0.8636363636363636,2.8319999999999936,2.5180000000000007,0.06857142857142859,33.4,0.0,8,Austrian Grand Prix,PER,Sergio Perez,Cadillac,19.0,21.0,True
19.775869468750003,0.8989031576704547,0.6738970191761364,2.641891715558133,0.3938311406250003,0.23505834375000018,1.5581125000000002,0.09523809523809523,0.9090909090909091,2.9170000000000016,2.507000000000005,0.04571428571428571,33.4,0.0,8,Austrian Grand Prix,BOT,Valtteri Bottas,Cadillac,20.0,22.0,True
16.494995953125002,0.7497725433238638,0.7175768323863637,3.1036515689143473,4.227260890625001,4.20461309375,2.3063584531250005,0.04761904761904767,0.9545454545454546,3.8289999999999935,3.4070000000000107,0.02285714285714288,33.4,0.0,8,Austrian Grand Prix,ALO,Fernando Alonso,Aston Martin,21.0,18.0,False
19.412609046875,0.8823913203125001,0.7175768323863637,2.249716535431946,1.6237818750000004,1.7926203593750005,0.8625656875000002,0.0,1.0,4.25,3.5529999999999973,0.0,33.4,0.0,8,Austrian Grand Prix,STR,Lance Stroll,Aston Martin,22.0,19.0,True
5.627724352343751,0.2558056523792614,0.05670454545454546,4.866980583482946,-2.6926312500000003,-2.6926312500000003,2.105875,1.0,0.045454545454545456,0.0,0.21299999999999386,0.5,25.2,0.0,9,British Grand Prix,ANT,Kimi Antonelli,Mercedes,1.0,15.0,False
10.418964100781253,0.4735892773082387,0.15079725852272727,5.141740950300783,-5.575666913281251,-5.575666913281251,2.4197500000000005,0.9523809523809523,0.09090909090909091,0.17499999999999716,0.5989999999999895,0.47619047619047616,25.2,0.0,9,British Grand Prix,LEC,Charles Leclerc,Ferrari,2.0,1.0,False
3.40070743046875,0.15457761047585228,0.15079725852272727,1.79843682124227,-0.2460956929687499,-0.2460956929687499,2.9395000000000002,0.9047619047619048,0.13636363636363635,0.3469999999999942,0.0,0.4523809523809524,25.2,0.0,9,British Grand Prix,HAM,Lewis Hamilton,Ferrari,3.0,3.0,False
4.296445616406251,0.1952929825639205,0.05670454545454546,6.0608889612003285,-2.4160052812500004,-2.4160052812500004,2.16713125,0.8571428571428572,0.18181818181818182,0.36999999999999034,0.6779999999999973,0.4285714285714286,25.2,0.0,9,British Grand Prix,RUS,George Russell,Mercedes,4.0,2.0,False
6.549541540625002,0.2977064336647728,0.14095677762784092,6.684870978560469,0.9850386109374999,0.9850386109374999,2.4591666234375005,0.8095238095238095,0.22727272727272727,0.6349999999999909,1.0779999999999887,0.40476190476190477,25.2,0.0,9,British Grand Prix,HAD,Isack Hadjar,Red Bull Racing,5.0,5.0,False
8.34735463671875,0.3794252107599433,0.19777266853693187,7.218682358990455,-2.899714308593751,-2.899714308593751,1.663924390625,0.7619047619047619,0.2727272727272727,0.7659999999999911,1.0279999999999916,0.38095238095238093,25.2,0.0,9,British Grand Prix,NOR,Lando Norris,McLaren,6.0,4.0,False
5.787074414062501,0.263048837002841,0.14095677762784092,6.609652033201143,-1.1774289218750003,-0.8424931703125003,1.82409935234375,0.7142857142857143,0.3181818181818182,0.7819999999999965,0.9799999999999898,0.35714285714285715,25.2,0.0,9,British Grand Prix,VER,Max Verstappen,Red Bull Racing,7.0,20.0,True
5.130766157812501,0.23321664353693183,0.19777266853693187,7.0522602759682655,1.4986751234375,1.4986751234375,2.3917375,0.6666666666666667,0.36363636363636365,0.9209999999999923,0.8870000000000005,0.33333333333333337,25.2,0.0,9,British Grand Prix,PIA,Oscar Piastri,McLaren,8.0,11.0,False
10.356191309375003,0.4707359686079546,0.3738188469815341,4.648588495446763,0.7911889046874998,0.7911889046874998,2.105875,0.6190476190476191,0.4090909090909091,1.1940000000000026,2.0789999999999935,0.30952380952380953,25.2,0.0,9,British Grand Prix,LIN,Arvid Lindblad,Racing Bulls,9.0,7.0,False
8.547203270312501,0.3885092395596591,0.3738188469815341,4.437059837324712,0.8086796781250001,0.8086796781250001,2.0799215398437503,0.5714285714285714,0.45454545454545453,1.188999999999993,1.5899999999999892,0.2857142857142857,25.2,0.0,9,British Grand Prix,LAW,Liam Lawson,Racing Bulls,10.0,6.0,False
11.330325084375001,0.5150147765625,0.50389081171875,3.3888604279314896,1.6110770359375,1.6110770359375,2.8642993906250003,0.5238095238095238,0.5,1.3499999999999943,1.7749999999999915,0.2619047619047619,25.2,0.0,9,British Grand Prix,BOR,Gabriel Bortoleto,Audi,11.0,8.0,False
10.38457489375,0.47202613153409095,0.4390158190340909,4.702060718451007,1.1331824476562504,1.1331824476562504,2.5146971875000004,0.33333333333333337,0.5454545454545454,1.9519999999999982,2.934999999999988,0.16666666666666669,25.2,0.0,9,British Grand Prix,GAS,Pierre Gasly,Alpine,12.0,10.0,False
14.52150912578125,0.6600685966264205,0.50389081171875,4.242640687119285,-2.3901413445312505,-2.3901413445312505,2.2054937500000005,0.47619047619047616,0.5909090909090909,1.4279999999999973,1.4829999999999899,0.23809523809523808,25.2,0.0,9,British Grand Prix,HUL,Nico Hulkenberg,Audi,13.0,22.0,True
15.098746876562501,0.6863066762073864,0.5608908324573865,5.695392874947259,-0.5429226718749999,-0.5429226718749999,1.6975000000000002,0.4285714285714286,0.6363636363636364,2.3900000000000006,2.1129999999999995,0.2142857142857143,25.2,0.0,9,British Grand Prix,BEA,Oliver Bearman,Haas F1 Team,14.0,12.0,False
15.872607895312502,0.7214821770596591,0.6085424926491478,3.7893765978060294,-0.04648332812499967,-0.07693203281249983,2.1448174546875003,0.38095238095238093,0.6818181818181818,2.4509999999999934,2.4239999999999924,0.19047619047619047,25.2,0.0,9,British Grand Prix,SAI,Carlos Sainz,Williams,15.0,17.0,False
16.0877083828125,0.7312594719460228,0.6085424926491478,4.9749371855331,0.76756232578125,0.8173874789062501,2.8030508750000003,0.2857142857142857,0.7272727272727273,2.527000000000001,2.4369999999999976,0.14285714285714285,25.2,0.0,9,British Grand Prix,ALB,Alexander Albon,Williams,16.0,21.0,True
13.794432942968752,0.6270196792258524,0.5608908324573865,2.179449471770337,1.9580720726562506,1.9580720726562506,2.57682503828125,0.23809523809523814,0.7727272727272727,2.5690000000000026,2.4239999999999924,0.11904761904761907,25.2,0.0,9,British Grand Prix,OCO,Esteban Ocon,Haas F1 Team,17.0,13.0,False
20.776728207812504,0.9443967367187501,0.8001888150923296,2.7810744326608736,-0.6833928726562498,-0.7707179109375,0.8569618750000002,0.19047619047619047,0.8181818181818182,3.1159999999999997,2.8900000000000006,0.09523809523809523,25.2,0.0,9,British Grand Prix,BOT,Valtteri Bottas,Cadillac,18.0,16.0,False
12.568275753125,0.5712852615056818,0.4390158190340909,3.5355339059327378,1.5658662968750003,1.5658662968750003,2.25722435234375,0.1428571428571429,0.8636363636363636,3.2099999999999937,1.7059999999999889,0.07142857142857145,25.2,0.0,9,British Grand Prix,COL,Franco Colapinto,Alpine,19.0,9.0,False
17.703935258593752,0.8047243299360797,0.8001888150923296,1.996089927833914,1.2981308164062506,1.2856745281250004,1.8905868523437506,0.09523809523809523,0.9090909090909091,3.339999999999989,2.9809999999999945,0.047619047619047616,25.2,0.0,9,British Grand Prix,PER,Sergio Perez,Cadillac,20.0,14.0,False
19.226934975781255,0.8739515898082388,0.7628490759943183,2.117634293262177,2.2430800312500003,2.3359411976562505,0.9244111281250001,0.0,0.9545454545454546,4.751999999999995,3.8699999999999903,0.0,25.2,0.0,9,British Grand Prix,STR,Lance Stroll,Aston Martin,21.0,19.0,False
17.172247774218754,0.7805567170099433,0.7628490759943183,2.9341736485763756,3.6749934898437506,3.6625372015625004,2.1684971492187506,0.04761904761904767,1.0,4.9140000000000015,3.6969999999999885,0.023809523809523836,25.2,0.0,9,British Grand Prix,ALO,Fernando Alonso,Aston Martin,22.0,18.0,False
9.836875000000001,0.44713068181818183,0.07209659090909092,6.173279112432873,-7.7809471875,-7.7809471875,2.5082312500000006,1.0,0.045454545454545456,0.0,0.0,0.42,20.9,0.0,10,Belgian Grand Prix,ANT,Kimi Antonelli,Mercedes,1.0,1.0,False
12.266624865625001,0.557573857528409,0.18056017258522727,7.566372975210778,-6.497585907031251,-6.497585907031251,1.89488125,0.9523809523809523,0.09090909090909091,0.31699999999999307,0.19400000000000261,0.39999999999999997,20.9,0.0,10,Belgian Grand Prix,VER,Max Verstappen,Red Bull Racing,2.0,3.0,False
6.51664595703125,0.2962111798650569,0.19592167283380685,7.310095758606723,-0.8204437765625002,-0.8204437765625002,2.26515841484375,0.4285714285714286,0.13636363636363635,0.4399999999999977,0.18500000000000227,0.18,20.9,0.0,10,Belgian Grand Prix,NOR,Lando Norris,McLaren,3.0,7.0,False
3.271418482812501,0.14870084012784093,0.07209659090909092,5.973901572674261,-0.42880290468750026,-0.42880290468750026,2.0919221875000003,0.9047619047619048,0.18181818181818182,0.5079999999999956,0.4129999999999967,0.38,20.9,0.0,10,Belgian Grand Prix,RUS,George Russell,Mercedes,4.0,22.0,True
6.188803649218752,0.2813092567826705,0.10339303764204547,5.408326913195984,-2.62499019609375,-2.62499019609375,2.2308625,0.8571428571428572,0.22727272727272727,0.5319999999999965,0.8059999999999974,0.36,20.9,0.0,10,Belgian Grand Prix,LEC,Charles Leclerc,Ferrari,5.0,2.0,False
3.2120156929687504,0.14600071331676137,0.10339303764204547,1.8027756377319946,-0.16047281249999995,-0.16047281249999995,2.516725,0.8095238095238095,0.2727272727272727,0.5339999999999918,0.4380000000000024,0.33999999999999997,20.9,0.0,10,Belgian Grand Prix,HAM,Lewis Hamilton,Ferrari,6.0,4.0,False
7.755174599218751,0.35250793632812505,0.19592167283380685,5.452923527796809,-0.5089818945312501,-0.5089818945312501,2.6654556250000003,0.7619047619047619,0.3181818181818182,0.6550000000000011,0.840999999999994,0.31999999999999995,20.9,0.0,10,Belgian Grand Prix,PIA,Oscar Piastri,McLaren,7.0,5.0,False
8.8793987953125,0.4036090361505682,0.3279470297585228,4.763139720814412,1.35190068515625,1.35190068515625,2.0582312500000004,0.7142857142857143,0.36363636363636365,0.7819999999999965,1.2319999999999993,0.3,20.9,0.0,10,Belgian Grand Prix,LIN,Arvid Lindblad,Racing Bulls,8.0,9.0,False
9.932159521875,0.4514617964488637,0.44153752769886373,3.5355339059327378,2.18585200703125,2.18585200703125,2.47536466484375,0.6666666666666667,0.4090909090909091,1.266999999999996,1.105000000000004,0.28,20.9,0.0,10,Belgian Grand Prix,BOR,Gabriel Bortoleto,Audi,9.0,8.0,False
5.751767121875001,0.2614439600852273,0.18056017258522727,5.721396245672904,0.6924923242187502,0.6924923242187502,2.7192884304687506,0.04761904761904767,0.45454545454545453,1.461999999999989,0.769999999999996,0.02000000000000002,20.9,0.0,10,Belgian Grand Prix,HAD,Isack Hadjar,Red Bull Racing,10.0,6.0,False
7.350721435937501,0.33412370163352273,0.3279470297585228,4.399928976699511,2.3452545484375,2.3452545484375,2.035583453125,0.6190476190476191,0.5,1.7590000000000003,1.3499999999999943,0.26,20.9,0.0,10,Belgian Grand Prix,LAW,Liam Lawson,Racing Bulls,11.0,12.0,False
10.17802261640625,0.4626373916548296,0.42402717432528414,4.702060718451007,1.4981301648437502,2.84813016484375,2.283083453125,0.5714285714285714,0.5454545454545454,1.9699999999999989,1.4159999999999968,0.24,20.9,0.0,10,Belgian Grand Prix,GAS,Pierre Gasly,Alpine,12.0,11.0,False
10.9290580890625,0.49677536768465924,0.42402717432528414,3.4798527267687636,5.36122646328125,5.36122646328125,2.1331,0.5238095238095238,0.5909090909090909,2.0309999999999917,1.203000000000003,0.22,20.9,0.0,10,Belgian Grand Prix,COL,Franco Colapinto,Alpine,13.0,10.0,False
17.794722687500002,0.8088510312500001,0.44153752769886373,4.242640687119285,-5.2724704078125,-5.722470407812501,2.1130215625,0.47619047619047616,0.6363636363636364,2.3100000000000023,0.980000000000004,0.19999999999999998,20.9,0.0,10,Belgian Grand Prix,HUL,Nico Hulkenberg,Audi,14.0,13.0,False
16.3296939796875,0.7422588172585227,0.6812838172585227,3.9666579131556077,-0.9255658304687499,-1.37556583046875,2.0629028125000004,0.1428571428571429,0.6818181818181818,2.415999999999997,2.3119999999999976,0.06000000000000002,20.9,0.0,10,Belgian Grand Prix,SAI,Carlos Sainz,Williams,15.0,16.0,False
13.687563994531251,0.6221619997514205,0.5531832856889205,5.23061898822692,0.6013925304687501,0.15139253046875006,1.833625,0.38095238095238093,0.7272727272727273,2.417999999999992,1.847999999999999,0.15999999999999998,20.9,0.0,10,Belgian Grand Prix,BEA,Oliver Bearman,Haas F1 Team,16.0,14.0,False
18.381973548437504,0.8355442522017047,0.6812838172585227,4.960783708246107,-1.88645447734375,-1.82555706796875,3.7916779812500003,0.33333333333333337,0.7727272727272727,2.7590000000000003,2.0459999999999923,0.14,20.9,0.0,10,Belgian Grand Prix,ALB,Alexander Albon,Williams,17.0,15.0,False
13.462058300000002,0.6119117409090911,0.5531832856889205,2.1065374432940898,2.8518194585937504,2.8518194585937504,2.3256271648437505,0.2857142857142857,0.8181818181818182,3.4399999999999977,2.013999999999996,0.12,20.9,0.0,10,Belgian Grand Prix,OCO,Esteban Ocon,Haas F1 Team,18.0,17.0,False
18.576960151562503,0.8444072796164774,0.7253256582386365,2.9047375096555625,0.5827476765625001,0.5263455117187501,1.3713290312500002,0.23809523809523814,0.8636363636363636,3.461999999999989,2.700000000000003,0.10000000000000002,20.9,0.0,10,Belgian Grand Prix,BOT,Valtteri Bottas,Cadillac,19.0,18.0,False
16.0287909984375,0.7285814090198864,0.7253256582386365,2.1469455046647083,3.4558389179687508,3.4406145656250007,1.9314493750000001,0.19047619047619047,0.9090909090909091,3.6099999999999994,3.0459999999999923,0.07999999999999999,20.9,0.0,10,Belgian Grand Prix,PER,Sergio Perez,Cadillac,20.0,21.0,True
17.536362882031252,0.7971074037286934,0.7877488099786933,2.9341736485763756,3.8463666007812503,3.3811422484375004,2.08430003828125,0.0,0.9545454545454546,5.640999999999991,4.2109999999999985,0.0,20.9,0.0,10,Belgian Grand Prix,ALO,Fernando Alonso,Aston Martin,21.0,19.0,False
19.133187630468754,0.8696903468394888,0.7877488099786933,2.057759704144291,2.1336940171875005,2.60964747734375,1.3749325453125,0.09523809523809523,1.0,5.8160000000000025,4.686999999999998,0.039999999999999994,20.9,0.0,10,Belgian Grand Prix,STR,Lance Stroll,Aston Martin,22.0,20.0,True
6.608554369531251,0.3003888349786932,0.20355929758522728,6.213644260818284,-2.1340165640625,2.3659834359375,1.6874637343750003,1.0,0.045454545454545456,0.0,0.0,0.84,26.8,0.0,11,Hungarian Grand Prix,NOR,Lando Norris,McLaren,1.0,1.0,False
3.5917288125000004,0.16326040056818183,0.09777526161221592,1.79843682124227,0.811739953125,0.361739953125,1.83419875,0.8095238095238095,0.09090909090909091,0.012000000000000455,0.11700000000000443,0.6799999999999999,26.8,0.0,11,Hungarian Grand Prix,HAM,Lewis Hamilton,Ferrari,2.0,5.0,False
4.295468613281251,0.19524857333096596,0.09777526161221592,5.606915373001451,-0.08537121406250048,-0.5353712140625005,1.6769743750000001,0.9523809523809523,0.13636363636363635,0.23799999999999955,0.35200000000000387,0.7999999999999999,26.8,0.0,11,Hungarian Grand Prix,LEC,Charles Leclerc,Ferrari,3.0,4.0,False
5.860281250000001,0.2663764204545455,0.06010767045454546,6.173279112432873,-4.279520953125,-4.279520953125,1.8295271875000003,0.7142857142857143,0.18181818181818182,0.27200000000000557,0.1290000000000049,0.6,26.8,0.0,11,Hungarian Grand Prix,ANT,Kimi Antonelli,Mercedes,4.0,3.0,False
6.37299833515625,0.2896817425071023,0.20355929758522728,3.2379584617471546,0.74566086484375,0.29566086484375,1.9160005937500002,0.9047619047619048,0.22727272727272727,0.47700000000000387,0.49900000000000944,0.76,26.8,0.0,11,Hungarian Grand Prix,PIA,Oscar Piastri,McLaren,5.0,20.0,True
8.02965652578125,0.3649843875355114,0.16067173128551138,7.498958260985321,-3.931564917187501,-3.931564917187501,1.4921846875,0.8571428571428572,0.2727272727272727,0.5180000000000007,0.717000000000013,0.72,26.8,0.0,11,Hungarian Grand Prix,VER,Max Verstappen,Red Bull Racing,6.0,2.0,False
11.716026953125,0.5325466796875,0.06010767045454546,7.790218225441442,-8.352588385156249,-8.802588385156252,1.1505572031250002,0.7619047619047619,0.3181818181818182,0.5530000000000115,0.6020000000000039,0.6399999999999999,26.8,0.0,11,Hungarian Grand Prix,RUS,George Russell,Mercedes,7.0,7.0,False
5.896965492187501,0.26804388600852275,0.16067173128551138,5.775757526073961,2.139003809375,7.089003809375,2.8372352429687506,0.6666666666666667,0.36363636363636365,0.6490000000000009,1.0040000000000049,0.56,26.8,0.0,11,Hungarian Grand Prix,HAD,Isack Hadjar,Red Bull Racing,8.0,6.0,False
8.950416125,0.40683709659090916,0.36522299307528416,4.846067993745032,0.23493162031249998,-0.21506837968750003,1.5820271875000003,0.6190476190476191,0.4090909090909091,1.0740000000000123,1.956000000000003,0.52,26.8,0.0,11,Hungarian Grand Prix,LIN,Arvid Lindblad,Racing Bulls,9.0,10.0,False
15.637097478125003,0.710777158096591,0.40648200387073874,4.054318685056714,-2.4331119367187504,-3.5806119367187508,1.6121618593750002,0.5714285714285714,0.45454545454545453,1.4320000000000022,1.2210000000000036,0.48,26.8,0.0,11,Hungarian Grand Prix,HUL,Nico Hulkenberg,Audi,10.0,9.0,False
9.459643577343751,0.42998379897017047,0.36522299307528416,4.444097208657794,0.8231432140625004,-0.07685678593749978,1.56957089921875,0.5238095238095238,0.5,1.558000000000007,1.149000000000001,0.44,26.8,0.0,11,Hungarian Grand Prix,LAW,Liam Lawson,Racing Bulls,11.0,8.0,False
10.556285832812502,0.47983117421875,0.4381410092329546,4.47213595499958,1.265598196875,1.108098196875,1.70569589921875,0.47619047619047616,0.5454545454545454,1.6370000000000005,1.784000000000006,0.39999999999999997,26.8,0.0,11,Hungarian Grand Prix,GAS,Pierre Gasly,Alpine,12.0,12.0,False
10.561222311718751,0.4800555596235796,0.4381410092329546,3.4798527267687636,4.2735543734375,3.3735543734375004,1.6232050000000002,0.4285714285714286,0.5909090909090909,1.8200000000000074,2.116000000000014,0.36,26.8,0.0,11,Hungarian Grand Prix,COL,Franco Colapinto,Alpine,13.0,15.0,False
8.995700586718751,0.4088954812144887,0.40648200387073874,1.8328597873268975,1.66059199765625,1.21059199765625,1.8030771718750003,0.38095238095238093,0.6363636363636364,1.862000000000009,1.399000000000001,0.31999999999999995,26.8,0.0,11,Hungarian Grand Prix,BOR,Gabriel Bortoleto,Audi,14.0,11.0,False
15.020638489843751,0.6827562949928978,0.5925174875355115,2.521780125229002,2.0436208835937504,1.1436208835937502,2.1707215468750003,0.33333333333333337,0.6818181818181818,2.527000000000001,2.3560000000000088,0.28,26.8,0.0,11,Hungarian Grand Prix,OCO,Esteban Ocon,Haas F1 Team,15.0,16.0,False
18.203372978906252,0.8274260444957389,0.8222788179332388,3.018174116912409,3.0238750242187504,3.2263750242187506,2.0547384148437504,0.2857142857142857,0.7272727272727273,2.6010000000000133,2.4540000000000077,0.24,26.8,0.0,11,Hungarian Grand Prix,ALO,Fernando Alonso,Aston Martin,16.0,14.0,False
13.97050789140625,0.6350230859730115,0.5925174875355115,4.031128874149275,1.15540534765625,0.007905347656249973,1.9084937500000003,0.23809523809523814,0.7727272727272727,3.0260000000000105,2.3730000000000047,0.20000000000000004,26.8,0.0,11,Hungarian Grand Prix,BEA,Oliver Bearman,Haas F1 Team,17.0,19.0,False
16.2315720515625,0.7377987296164773,0.6838079341619319,3.665719574653795,-1.01767496328125,0.53482503671875,1.5845965468750003,0.19047619047619047,0.8181818181818182,3.4140000000000015,2.7210000000000036,0.15999999999999998,26.8,0.0,11,Hungarian Grand Prix,SAI,Carlos Sainz,Williams,18.0,18.0,False
16.8433386640625,0.7656063029119319,0.6838079341619319,4.630064794363034,-0.12917656875000005,-1.02917656875,2.568916464843751,0.1428571428571429,0.8636363636363636,3.4510000000000076,2.6840000000000117,0.12000000000000004,26.8,0.0,11,Hungarian Grand Prix,ALB,Alexander Albon,Williams,19.0,17.0,False
19.548373378125003,0.8885624262784092,0.8222788179332388,2.0879116360612584,2.0567849218750003,1.4269327187500005,1.2229596875000002,0.09523809523809523,0.9090909090909091,3.4520000000000124,2.994000000000014,0.07999999999999999,26.8,0.0,11,Hungarian Grand Prix,STR,Lance Stroll,Aston Martin,20.0,13.0,False
18.367568446093752,0.8348894748224434,0.7686333654474433,2.1469455046647083,0.720270859375,-0.20237693749999996,1.6542309671875002,0.04761904761904767,0.9545454545454546,3.679000000000002,3.3600000000000136,0.04000000000000004,26.8,0.0,11,Hungarian Grand Prix,BOT,Valtteri Bottas,Cadillac,21.0,22.0,True
18.282581836718755,0.8310264471235796,0.7686333654474433,2.6190408549696205,1.4088444359375003,0.5088444359375002,1.96229715625,0.0,1.0,4.115000000000009,3.8530000000000086,0.0,26.8,0.0,11,Hungarian Grand Prix,PER,Sergio Perez,Cadillac,22.0,21.0,True
4.059584721875,0.18452657826704547,0.13241215912642046,6.5942683445549894,-1.1569623226562504,1.3180376773437499,2.27810505390625,1.0,0.045454545454545456,0.0,0.12099999999999511,0.72,18.2,1.0,12,Dutch Grand Prix,NOR,Lando Norris,McLaren,1.0,1.0,False
9.59381482421875,0.4360824920099432,0.09442285511363638,7.647507763971214,-4.56880343046875,-5.266303430468751,1.5328064617187502,0.9523809523809523,0.09090909090909091,0.10200000000000387,0.125,0.6857142857142856,18.2,1.0,12,Dutch Grand Prix,RUS,George Russell,Mercedes,2.0,3.0,False
4.573154687500001,0.20787066761363643,0.09442285511363638,6.050568155140474,-1.9037365242187503,-0.5537365242187502,1.9062399531250005,0.9047619047619048,0.13636363636363635,0.13300000000000978,0.0,0.6514285714285714,18.2,1.0,12,Dutch Grand Prix,ANT,Kimi Antonelli,Mercedes,3.0,2.0,False
12.513522478125001,0.568796476278409,0.13241215912642046,5.441449714919729,-6.31476634296875,-7.46226634296875,1.9538003265625004,0.8571428571428572,0.18181818181818182,0.14200000000001012,0.659000000000006,0.6171428571428572,18.2,1.0,12,Dutch Grand Prix,PIA,Oscar Piastri,McLaren,4.0,6.0,False
4.225450846875001,0.19206594758522727,0.13673640213068183,1.6583123951777,-0.90354302578125,0.19895697421875003,2.3588093125,0.8095238095238095,0.22727272727272727,0.33100000000000307,0.18999999999999773,0.5828571428571429,18.2,1.0,12,Dutch Grand Prix,HAM,Lewis Hamilton,Ferrari,5.0,4.0,False
4.204374706250001,0.19110794119318186,0.13673640213068183,5.521265706339444,-0.5471945304687502,-1.2446945304687502,2.2723359062500004,0.7619047619047619,0.2727272727272727,0.39500000000001023,0.2890000000000015,0.5485714285714285,18.2,1.0,12,Dutch Grand Prix,LEC,Charles Leclerc,Ferrari,6.0,5.0,False
5.291190907812501,0.2405086776278409,0.12813671669034093,7.79322622538317,-0.4126010671875002,-1.3126010671875004,1.7207015781250001,0.7142857142857143,0.3181818181818182,0.4549999999999983,1.3760000000000048,0.5142857142857142,18.2,1.0,12,Dutch Grand Prix,VER,Max Verstappen,Red Bull Racing,7.0,22.0,True
8.894911299218752,0.40431414996448867,0.12813671669034093,4.470388685561916,1.6855012546875001,1.1905012546875,1.7548906007812501,0.6666666666666667,0.36363636363636365,0.5700000000000074,1.9120000000000061,0.48000000000000004,18.2,1.0,12,Dutch Grand Prix,LAW,Liam Lawson,Red Bull Racing,8.0,7.0,False
9.88926192890625,0.44951190585937506,0.4080366200284091,1.653594569415369,2.3721797179687503,2.12467971796875,1.4416924445312502,0.6190476190476191,0.4090909090909091,0.9159999999999968,1.0430000000000064,0.44571428571428573,18.2,1.0,12,Dutch Grand Prix,BOR,Gabriel Bortoleto,Audi,9.0,13.0,False
9.42272886875,0.4283058576704546,0.3664120538707387,4.7549316504025585,-0.27054724609375,-0.51804724609375,1.3201149531250003,0.5714285714285714,0.45454545454545453,1.0220000000000056,1.3359999999999985,0.41142857142857137,18.2,1.0,12,Dutch Grand Prix,LIN,Arvid Lindblad,Racing Bulls,10.0,12.0,False
11.323184721093751,0.5146902145951705,0.4864321005326705,4.284784125250653,0.5955982828125,0.5089732828125001,2.27975935078125,0.5238095238095238,0.5,1.453000000000003,0.9620000000000033,0.37714285714285717,18.2,1.0,12,Dutch Grand Prix,GAS,Pierre Gasly,Alpine,11.0,10.0,False
,,0.3664120538707387,,,,,0.47619047619047616,0.5454545454545454,1.4639999999999986,2.1610000000000014,0.3428571428571428,18.2,1.0,12,Dutch Grand Prix,TSU,Yuki Tsunoda,Racing Bulls,12.0,11.0,False
12.717390763281252,0.5780632165127843,0.4080366200284091,4.358898943540674,-0.9803188968750001,-1.6114438968750007,1.7866890226562502,0.4285714285714286,0.5909090909090909,1.6340000000000003,0.835000000000008,0.3085714285714286,18.2,1.0,12,Dutch Grand Prix,HUL,Nico Hulkenberg,Audi,13.0,8.0,False
12.48331172734375,0.5674232603338069,0.4864321005326705,3.307189138830738,1.4672016929687506,0.9722016929687504,1.79276275,0.38095238095238093,0.6363636363636364,1.6370000000000005,1.8769999999999953,0.27428571428571424,18.2,1.0,12,Dutch Grand Prix,COL,Franco Colapinto,Alpine,14.0,14.0,False
15.486471350781251,0.7039305159446023,0.6535379542258524,2.368411915187052,0.6656180921875003,0.1706180921875003,2.0938968507812503,0.33333333333333337,0.6818181818181818,1.9740000000000038,1.9480000000000075,0.24000000000000002,18.2,1.0,12,Dutch Grand Prix,OCO,Esteban Ocon,Haas F1 Team,15.0,19.0,True
16.830102327343752,0.7650046512428978,0.7215379836647728,4.428247395979588,0.8959400375000001,0.4009400375,2.27103708671875,0.2857142857142857,0.7272727272727273,2.0190000000000055,2.4080000000000013,0.20571428571428568,18.2,1.0,12,Dutch Grand Prix,ALB,Alexander Albon,Williams,16.0,17.0,True
16.977124265625,0.7716874666193183,0.7215379836647728,3.8709656418005056,-0.5346010484375001,0.31927395156250005,2.22152810078125,0.23809523809523814,0.7727272727272727,2.4110000000000014,3.396000000000001,0.17142857142857146,18.2,1.0,12,Dutch Grand Prix,SAI,Carlos Sainz,Williams,17.0,16.0,False
16.28673495703125,0.7403061344105115,0.717020614346591,3.1598061649411346,2.5547578695312505,2.6661328695312507,2.0217327343750005,0.19047619047619047,0.8181818181818182,2.487000000000009,1.5619999999999976,0.13714285714285712,18.2,1.0,12,Dutch Grand Prix,ALO,Fernando Alonso,Aston Martin,18.0,9.0,False
16.568111782812505,0.7530959901278411,0.717020614346591,2.666341125962693,4.2812317070312504,3.9348129953125004,1.5726278281250001,0.1428571428571429,0.8636363636363636,2.655000000000001,2.25,0.10285714285714288,18.2,1.0,12,Dutch Grand Prix,STR,Lance Stroll,Aston Martin,19.0,20.0,True
16.14167200859375,0.7337123640269887,0.6535379542258524,3.461845606031557,-0.22266008984374996,-0.85378508984375,1.9496715625000003,0.09523809523809523,0.9090909090909091,2.6629999999999967,1.9249999999999972,0.06857142857142856,18.2,1.0,12,Dutch Grand Prix,BEA,Oliver Bearman,Haas F1 Team,20.0,21.0,True
19.993789251562504,0.90880860234375,0.8519131967329547,2.384848003542364,-0.05385102734374997,-0.561307315625,0.9265738195312502,0.04761904761904767,0.9545454545454546,3.2079999999999984,2.6310000000000002,0.03428571428571432,18.2,1.0,12,Dutch Grand Prix,BOT,Valtteri Bottas,Cadillac,21.0,18.0,True
19.497046616406255,0.8862293916548296,0.8519131967329547,2.9553976043842223,1.2416112273437503,0.7466112273437502,1.9792634359375003,0.0,1.0,3.4369999999999976,2.7510000000000048,0.0,18.2,1.0,12,Dutch Grand Prix,PER,Sergio Perez,Cadillac,22.0,15.0,False
10.618897477343753,0.4826771580610796,0.4717025010298296,2.1065374432940898,0.9283001437500001,0.8806563937500003,2.6122410367187503,1.0,0.045454545454545456,0.0,0.679000000000002,0.38,34.0,0.0,13,Italian Grand Prix,GAS,Pierre Gasly,Alpine,1.0,7.0,False
6.752199060156251,0.3069181390980114,0.09284166122159092,7.729812416870153,-3.1219363687500006,-3.505561368750001,2.18467016015625,0.9523809523809523,0.09090909090909091,0.060000000000002274,0.0,0.3619047619047619,34.0,0.0,13,Italian Grand Prix,RUS,George Russell,Mercedes,2.0,2.0,False
9.649424513281252,0.4386102051491478,0.09670671225142047,5.190134873006674,-4.4652288203125,-5.096353820312501,2.8913369671875,0.7619047619047619,0.13636363636363635,0.1799999999999926,0.554000000000002,0.2895238095238095,34.0,0.0,13,Italian Grand Prix,PIA,Oscar Piastri,McLaren,3.0,5.0,False
4.52891251328125,0.2058596596946023,0.15550076775568183,5.5677643628300215,0.22440355234374992,-0.15922144765625018,3.0497847484375002,0.9047619047619048,0.18181818181818182,0.21800000000000352,0.46000000000000796,0.34380952380952384,34.0,0.0,13,Italian Grand Prix,LEC,Charles Leclerc,Ferrari,4.0,22.0,True
4.090504390625,0.18593201775568186,0.15550076775568183,1.3919410907075054,-0.021828482812499994,0.5845465171875001,2.6473451218750004,0.8571428571428572,0.22727272727272727,0.22499999999999432,0.2259999999999991,0.32571428571428573,34.0,0.0,13,Italian Grand Prix,HAM,Lewis Hamilton,Ferrari,5.0,6.0,False
12.793408211718752,0.581518555078125,0.2128957947443182,9.01041064547005,-6.92669022421875,-7.42169022421875,0.9463858679687501,0.8095238095238095,0.2727272727272727,0.2839999999999918,0.3500000000000085,0.3076190476190476,34.0,0.0,13,Italian Grand Prix,VER,Max Verstappen,Red Bull Racing,6.0,3.0,False
3.4152350781250003,0.15523795809659097,0.09284166122159092,5.973901572674261,-0.5886816945312503,0.15381830546874992,2.8484319742187507,0.1428571428571429,0.3181818181818182,0.09600000000000364,0.3610000000000042,0.054285714285714305,34.0,0.0,13,Italian Grand Prix,ANT,Kimi Antonelli,Mercedes,7.0,1.0,False
13.15744805625,0.5980658207386365,0.4717025010298296,3.119995993587171,0.8320811125000003,0.5598311125000002,2.7860195125000002,0.7142857142857143,0.36363636363636365,0.4339999999999975,0.882000000000005,0.27142857142857146,34.0,0.0,13,Italian Grand Prix,COL,Franco Colapinto,Alpine,8.0,9.0,False
2.816745897656251,0.1280339044389205,0.09670671225142047,6.708203932499369,-0.7786769718750002,0.5825730281250001,2.6113311734375007,0.6666666666666667,0.4090909090909091,0.2809999999999917,0.4060000000000059,0.25333333333333335,34.0,0.0,13,Italian Grand Prix,NOR,Lando Norris,McLaren,9.0,4.0,False
10.649488028125,0.4840676376420455,0.42386236796875004,4.635124054434789,-1.1744018921875001,-1.3105268921875002,2.0760632242187502,0.6190476190476191,0.45454545454545453,0.5,0.5050000000000097,0.23523809523809525,34.0,0.0,13,Italian Grand Prix,LIN,Arvid Lindblad,Racing Bulls,10.0,8.0,False
11.297467454687503,0.5135212479403409,0.3880565046519887,1.7853571071357126,-0.5706616992187497,-0.7067866992187497,2.60130423828125,0.5714285714285714,0.5,0.7309999999999945,1.0790000000000077,0.21714285714285714,34.0,0.0,13,Italian Grand Prix,BOR,Gabriel Bortoleto,Audi,11.0,11.0,False
18.319546210937503,0.8327066459517046,0.7477016296519887,3.7228181529588578,-0.53059608046875,-0.8777148304687501,1.0723193593750002,0.5238095238095238,0.5454545454545454,0.9699999999999989,1.1510000000000105,0.19904761904761906,34.0,0.0,13,Italian Grand Prix,BEA,Oliver Bearman,Haas F1 Team,12.0,15.0,False
10.53595116328125,0.4789068710582387,0.3880565046519887,4.608077147791691,1.7778117570312497,1.4306930070312496,2.3410523562500005,0.47619047619047616,0.5909090909090909,0.992999999999995,0.9070000000000107,0.18095238095238095,34.0,0.0,13,Italian Grand Prix,HUL,Nico Hulkenberg,Audi,13.0,12.0,False
7.9333470953125005,0.36060668615056823,0.2128957947443182,1.984313483298443,1.4942532031250002,1.222003203125,2.3235632242187503,0.0,0.6363636363636364,1.0349999999999966,0.9840000000000089,0.0,34.0,0.0,13,Italian Grand Prix,LAW,Liam Lawson,Red Bull Racing,14.0,14.0,False
16.53741834609375,0.7517008339133524,0.7241186182883523,3.24037034920393,0.17271621093749995,0.6423474609375001,2.58021384921875,0.4285714285714286,0.6818181818181818,1.6670000000000016,1.656000000000006,0.16285714285714287,34.0,0.0,13,Italian Grand Prix,SAI,Carlos Sainz,Williams,15.0,13.0,False
17.075932636718754,0.7761787562144887,0.7477016296519887,2.8695600708122493,-1.4171632617187497,-1.6894132617187498,2.5100166617187503,0.38095238095238093,0.7272727272727273,1.6679999999999922,1.801000000000002,0.14476190476190476,34.0,0.0,13,Italian Grand Prix,OCO,Esteban Ocon,Haas F1 Team,16.0,16.0,False
11.0,0.5,0.42386236796875004,,1.0,1.0,3.0,0.33333333333333337,0.7727272727272727,1.968999999999994,1.2360000000000042,0.12666666666666668,34.0,0.0,13,Italian Grand Prix,TSU,Yuki Tsunoda,Racing Bulls,17.0,10.0,False
16.99866361171875,0.7726665278053978,0.7241186182883523,3.832427429188973,-0.02422012968749998,-0.2964701296875001,2.5906970039062505,0.09523809523809523,0.8181818181818182,2.569999999999993,1.6340000000000003,0.03619047619047619,34.0,0.0,13,Italian Grand Prix,ALB,Alexander Albon,Williams,18.0,17.0,False
19.07983730078125,0.8672653318536934,0.775370440021307,2.384848003542364,1.3622489039062502,1.0747745515625,1.8679889945312502,0.2857142857142857,0.8636363636363636,2.578000000000003,2.785000000000011,0.10857142857142857,34.0,0.0,13,Italian Grand Prix,BOT,Valtteri Bottas,Cadillac,19.0,19.0,False
17.481749032812502,0.794624956036932,0.775370440021307,3.031088913245535,3.82451278125,3.55226278125,2.45534167734375,0.23809523809523814,0.9090909090909091,2.8089999999999975,2.812000000000012,0.09047619047619049,34.0,0.0,13,Italian Grand Prix,PER,Sergio Perez,Cadillac,20.0,18.0,False
13.049571195312502,0.5931623270596592,0.5784522469815342,4.044672421840859,5.429996646875,5.491252896875,2.0119530039062505,0.04761904761904767,0.9545454545454546,3.3640000000000043,2.700000000000003,0.018095238095238116,34.0,0.0,13,Italian Grand Prix,ALO,Fernando Alonso,Aston Martin,21.0,21.0,True
18.095714692968755,0.8225324860440342,0.5784522469815342,2.7271780286589284,1.9465444078125003,1.7643875101562505,2.21494530546875,0.19047619047619047,1.0,3.435999999999993,3.034000000000006,0.07238095238095238,34.0,0.0,13,Italian Grand Prix,STR,Lance Stroll,Aston Martin,22.0,20.0,True
3.3575836375000003,0.15261743806818184,0.13234261189630683,5.448623679425842,1.8552212406249997,2.153908740625,1.8694853578125004,1.0,0.045454545454545456,0.0,0.2360000000000042,0.6,30.9,0.0,14,Spanish Grand Prix,NOR,Lando Norris,McLaren,1.0,3.0,False
2.3283792929687506,0.10583542240767049,0.07151745912642046,5.973901572674261,2.36785167421875,8.17622667421875,2.4917577671875,0.9523809523809523,0.09090909090909091,0.01099999999999568,0.0,0.5714285714285714,30.9,0.0,14,Spanish Grand Prix,ANT,Kimi Antonelli,Mercedes,2.0,1.0,False
8.545468998437501,0.38843040901988635,0.17845632347301138,9.01041064547005,-2.6522676804687504,-3.374517680468751,1.4121388335937501,0.9047619047619048,0.13636363636363635,0.14000000000000057,0.375,0.5428571428571428,30.9,0.0,14,Spanish Grand Prix,VER,Max Verstappen,Red Bull Racing,3.0,2.0,False
4.949777414843751,0.22498988249289775,0.20825269499289772,1.5612494995995996,-0.47875245312500003,-0.595246203125,1.9395333921875004,0.8571428571428572,0.18181818181818182,0.18900000000000716,1.01400000000001,0.5142857142857143,30.9,0.0,14,Spanish Grand Prix,HAM,Lewis Hamilton,Ferrari,4.0,22.0,True
12.4997560015625,0.5681707273437501,0.20825269499289772,7.275816105427624,-8.118925740625,-8.779919490625002,1.6941283992187504,0.8095238095238095,0.22727272727272727,0.1950000000000074,0.16599999999999682,0.4857142857142857,30.9,0.0,14,Spanish Grand Prix,LEC,Charles Leclerc,Ferrari,5.0,4.0,False
4.5550957265625005,0.20704980575284093,0.07151745912642046,6.836254456937659,-1.6165842773437504,-1.8275780273437505,1.6934355570312503,0.7619047619047619,0.2727272727272727,0.32500000000000284,0.7019999999999982,0.4571428571428571,30.9,0.0,14,Spanish Grand Prix,RUS,George Russell,Mercedes,6.0,5.0,False
7.49856972578125,0.3408440784446023,0.13234261189630683,5.172040216394301,-3.27214191328125,-2.2692606632812504,2.0569821195312503,0.7142857142857143,0.3181818181818182,0.46999999999999886,0.18900000000000716,0.42857142857142855,30.9,0.0,14,Spanish Grand Prix,PIA,Oscar Piastri,McLaren,7.0,8.0,False
10.64659411484375,0.48393609612926136,0.17845632347301138,2.8256636388643286,0.8218392617187502,4.2721017617187504,2.2030799546875,0.6666666666666667,0.36363636363636365,0.49200000000000443,1.105000000000004,0.4,30.9,0.0,14,Spanish Grand Prix,LAW,Liam Lawson,Red Bull Racing,8.0,6.0,False
11.353583581250001,0.5160719809659091,0.4029988025568182,2.5495097567963922,-0.025848963281249915,-0.6255864632812499,2.0158043070312504,0.6190476190476191,0.4090909090909091,1.0790000000000077,1.5490000000000066,0.37142857142857144,30.9,0.0,14,Spanish Grand Prix,COL,Franco Colapinto,Alpine,9.0,7.0,False
9.323244114843751,0.42378382340198867,0.3959994484019887,1.7633419974582356,0.43829362265625005,-0.08657512734375,1.6169549546875004,0.5714285714285714,0.45454545454545453,1.2169999999999987,1.0930000000000035,0.3428571428571428,30.9,0.0,14,Spanish Grand Prix,LIN,Arvid Lindblad,Racing Bulls,10.0,9.0,False
11.203146533593753,0.5092339333451705,0.43805046875000003,4.608077147791691,1.43616986015625,0.7952545476562499,2.22107237109375,0.5238095238095238,0.5,1.399000000000001,1.13600000000001,0.3142857142857143,30.9,0.0,14,Spanish Grand Prix,HUL,Nico Hulkenberg,Audi,11.0,10.0,False
11.146860312500003,0.50667546875,0.43805046875000003,1.5811388300841898,-0.271996965625,-0.7968657156250001,1.9225843000000005,0.47619047619047616,0.5454545454545454,1.5640000000000072,1.4909999999999997,0.2857142857142857,30.9,0.0,14,Spanish Grand Prix,BOR,Gabriel Bortoleto,Audi,12.0,13.0,False
16.549895981250003,0.7522679991477275,0.7176734693181819,2.8912583765550943,-0.737572825,-1.787310325,2.3056293453125005,0.4285714285714286,0.5909090909090909,1.8430000000000035,1.6330000000000098,0.2571428571428572,30.9,0.0,14,Spanish Grand Prix,OCO,Esteban Ocon,Haas F1 Team,13.0,11.0,False
8.98202021875,0.4082736463068182,0.4029988025568182,2.2325713874364688,-2.22292849609375,-2.2491325585937503,1.9118527515625003,0.38095238095238093,0.6363636363636364,1.929000000000002,2.162000000000006,0.22857142857142854,30.9,0.0,14,Spanish Grand Prix,GAS,Pierre Gasly,Alpine,14.0,12.0,False
10.55,0.47954545454545455,0.3959994484019887,0.5,3.7,2.8,2.1,0.33333333333333337,0.6818181818181818,2.260000000000005,1.7680000000000007,0.2,30.9,0.0,14,Spanish Grand Prix,TSU,Yuki Tsunoda,Racing Bulls,15.0,14.0,False
16.890410867187505,0.7677459485085227,0.663793722159091,3.491060010942235,0.48691929140625,1.23718179140625,2.3667503210937504,0.2857142857142857,0.7272727272727273,3.483000000000004,4.13900000000001,0.1714285714285714,30.9,0.0,14,Spanish Grand Prix,ALB,Alexander Albon,Williams,16.0,15.0,False
15.004193846875001,0.682008811221591,0.663793722159091,2.3979157616563596,0.9112599781249999,0.269557165625,2.3442377984375002,0.09523809523809523,0.7727272727272727,3.4879999999999995,2.6670000000000016,0.057142857142857134,30.9,0.0,14,Spanish Grand Prix,SAI,Carlos Sainz,Williams,17.0,19.0,True
16.543530219531252,0.7519786463423297,0.7253366008877842,4.183300132670378,3.0869788812500003,3.1206698187500006,1.5984411210937501,0.23809523809523814,0.8181818181818182,3.564000000000007,2.222999999999999,0.14285714285714288,30.9,0.0,14,Spanish Grand Prix,ALO,Fernando Alonso,Aston Martin,18.0,17.0,False
17.69821518046875,0.8044643263849434,0.7942549513849433,3.0388114452858046,3.0034820296875,1.5037445296875003,2.2755581039062505,0.19047619047619047,0.8636363636363636,4.088999999999999,3.6440000000000055,0.11428571428571427,30.9,0.0,14,Spanish Grand Prix,PER,Sergio Perez,Cadillac,19.0,20.0,True
19.085777484375,0.8675353401988638,0.7942549513849433,2.057759704144291,0.6906231406250001,-0.8091143593750001,1.9022737656250004,0.1428571428571429,0.9090909090909091,6.186999999999998,3.8730000000000047,0.08571428571428574,30.9,0.0,14,Spanish Grand Prix,BOT,Valtteri Bottas,Cadillac,20.0,18.0,False
18.977763262499998,0.8626256028409091,0.7253366008877842,2.4717149916606487,1.95385263671875,0.045292949218750156,1.6598465242187503,0.04761904761904767,,,2.772999999999996,0.028571428571428602,30.9,0.0,14,Spanish Grand Prix,STR,Lance Stroll,Aston Martin,,21.0,True
16.90948435390625,0.7686129251775569,0.7176734693181819,3.0413812651491097,-1.7004416007812502,-2.34135691328125,1.03977564765625,0.0,,,1.6839999999999975,0.0,30.9,0.0,14,Spanish Grand Prix,BEA,Oliver Bearman,Haas F1 Team,,16.0,False
